date,RF,S--L,S--2,S--3,S--4,S--H,2--L,2--2,2--3,2--4,2--H,3--L,3--2,3--3,3--4,3--H,4--L,4--2,4--3,4--4,4--H,Mkt-RF,Mkt,Mkt-RF3,RF3
19630728,0.0027,0.0058,-0.0012,0.004,-0.0016,-0.016,-0.0214,0.0002,-0.0112,-0.0217,-0.0146,-0.0211,-0.021,-0.0112,-0.0242,-0.0207,-0.0108,-0.0185,-0.0244,-0.021,-0.0213,-0.0044,-0.0017,-0.0044,0.27
19630828,0.0025,0.0355,0.0187,0.0074,0.0214,0.0438,0.0515,0.044,0.0425,0.0408,0.0798,0.0511,0.0437,0.0527,0.0444,0.049,0.0533,0.0458,0.059,0.0677,0.0509,0.0502,0.0527,0.0501,0.26
19630928,0.0027,-0.0297,0.0003,-0.0149,-0.0186,-0.0064,-0.0419,-0.0184,-0.0082,-0.0139,-0.0318,-0.0491,-0.0187,-0.0089,-0.0032,-0.0209,-0.0285,-0.0219,-0.0226,-0.0364,-0.0226,-0.0146,-0.0119,-0.014533333,0.263333333
19631028,0.0029,0.0107,-0.0083,0.0095,-0.002,0.0207,0.0091,0.0401,0.0202,0.0188,0.0365,0.0197,0.0022,0.024,0.0143,0.0078,-0.0055,0.0049,0.0212,0.0436,0.0034,0.0248,0.0277,0.025,0.27
19631128,0.0027,-0.0337,-0.0442,-0.018,-0.0129,-0.0134,-0.0444,-0.0203,-0.0103,-0.0035,-0.0037,-0.0319,-0.018,-0.0113,-0.0146,-0.0148,-0.0126,-0.0118,-0.0068,0.0054,0.0324,-0.0083,-0.0056,-0.008366667,0.276666667
19631228,0.0029,-0.0323,-0.0065,-0.0105,-0.0195,-0.0133,-0.0097,-0.012,0.0079,0.0069,-0.0016,0.0032,0.0085,0.0127,0.0107,0.0018,-0.0045,0.0121,0.011,0.0227,0.0585,0.0188,0.0217,0.018866667,0.283333333
19640128,0.003,0.0364,0.0266,0.0397,0.0383,0.0457,-0.0208,-0.0091,0.033,0.0122,0.0391,0.0021,0.0031,0.0216,0.0356,0.0291,-0.0064,0.0144,0.0107,0.0305,0.0302,0.0228,0.0258,0.022933333,0.286666667
19640228,0.0026,0.0287,0.0225,0.0191,0.0005,0.0427,0.0136,0.0148,0.0226,0.0176,0.0583,0.0005,0.0254,0.0159,0.0322,0.0375,0.0243,0.0092,0.0306,0.0732,0.0434,0.0146,0.0172,0.014366667,0.283333333
19640328,0.0031,0.0032,0.0097,0.018,0.0324,0.0246,0.02,0.0294,0.033,0.054,0.0582,-0.0095,0.0231,0.0429,0.0472,0.0641,0.0156,0.0233,0.0537,0.0606,0.0044,0.0145,0.0176,0.0147,0.29
19640428,0.0029,-0.0199,0.0213,-0.005,-0.0116,-0.0129,-0.0104,-0.0433,0.0021,-0.0177,-0.009,-0.023,-0.0142,-0.0003,-0.0105,-0.0131,-0.0296,0.0047,0.0118,-0.0162,-0.0255,0.0017,0.0046,0.001733333,0.286666667
19640528,0.0026,-0.0166,-0.0119,0.0012,0.0008,0.0128,0.0285,0.0009,0.026,0.0157,0.0351,-0.0073,0.0124,-0.0063,0.0111,0.0223,0.0092,0.0206,0.0105,0.0166,0.0384,0.0148,0.0174,0.014533333,0.286666667
19640628,0.003,0.0161,-0.0005,0.0135,0.0051,0.0081,0.006,0.0139,0.012,0.0086,0.0188,0.0058,0.0192,0.0211,0.0201,0.0094,0.0086,0.0091,0.0111,0.0198,0.0279,0.0121,0.0151,0.012266667,0.283333333
19640728,0.003,0.0054,0.0355,0.0294,0.0234,0.0444,0.0076,0.013,0.0387,0.0284,0.0215,0.0212,0.0228,0.0282,0.0289,0.0094,0.0128,0.0333,0.0144,0.013,0.0274,0.0171,0.0201,0.017233333,0.286666667
19640828,0.0028,0.0093,-0.0218,-0.0203,-0.012,-0.0077,-0.0207,-0.0284,-0.0137,-0.002,-0.0194,-0.0311,-0.0104,0.0022,-0.0043,-0.023,-0.0137,0.0007,0.01,-0.003,-0.0094,-0.0141,-0.0113,-0.014233333,0.293333333
19640928,0.0028,0.0432,0.0377,0.0559,0.0246,0.0371,0.0326,0.02,0.0226,0.0181,0.0426,0.0111,0.0166,0.0291,0.0298,0.0343,0.0287,0.0277,0.0398,0.0438,0.0399,0.0277,0.0305,0.027633333,0.286666667
19641028,0.0029,0.0159,0.0006,0.0226,0.019,0.0309,-0.0177,0.0156,0.0182,0.0094,0.0119,0.0316,0.0318,0.015,0.0103,0.0243,0.0074,0.0079,0.0091,0.027,0.0347,0.006,0.0089,0.006066667,0.283333333
19641128,0.0029,-0.0044,-0.0069,0.0039,0.0045,0.0029,-0.0098,-0.0051,-0.0024,-0.0087,-0.0211,0.0121,0.0017,-0.0036,0.0019,-0.0012,0.0042,0.0113,-0.0127,-0.0089,-0.0502,0.0002,0.0031,0.000233333,0.286666667
19641228,0.0031,-0.0184,-0.0168,-0.0264,-0.0292,-0.0224,0.0112,-0.0024,0.0043,-0.019,-0.0185,-0.003,0.006,-0.0075,-0.0211,-0.012,0.0076,-0.0017,-0.0184,-0.0152,-0.0164,0.0006,0.0037,0.000733333,0.296666667
19650128,0.0028,0.0851,0.0555,0.0564,0.0693,0.0863,0.0738,0.0577,0.051,0.0543,0.0619,0.0497,0.0595,0.0502,0.056,0.0669,0.063,0.037,0.0511,0.0466,0.0653,0.0359,0.0387,0.035766667,0.293333333
19650228,0.003,0.0147,0.0075,0.0229,0.0277,0.0315,0.0311,0.0376,0.0338,0.0305,0.0349,0.035,0.0461,0.0444,0.026,0.0306,0.0111,0.0306,0.0343,0.026,0.0136,0.004,0.007,0.004033333,0.296666667
19650328,0.0036,0.0143,0.0236,0.0091,0.0195,0.0289,0.0166,-0.0167,0.0041,0.0104,0.0021,-0.0047,-0.0072,-0.0072,0.012,0.0028,-0.0107,-0.0068,-0.0061,0.0009,0.0147,-0.0133,-0.0097,-0.012833333,0.313333333
19650428,0.0031,0.0429,0.0457,0.049,0.0375,0.0413,-0.0031,0.0436,0.0415,0.0436,0.047,0.0244,0.0268,0.0398,0.031,0.0651,0.0258,0.0279,0.0438,0.041,0.0182,0.0305,0.0336,0.030366667,0.323333333
19650528,0.0031,-0.0071,-0.0264,-0.0184,-0.0073,-0.0146,0.0093,-0.0162,-0.0116,-0.0066,-0.0248,-0.0074,0.0004,-0.0179,-0.0111,-0.0093,-0.0128,-0.004,-0.017,-0.007,-0.037,-0.0075,-0.0044,-0.007666667,0.326666667
19650628,0.0035,-0.1258,-0.1105,-0.0981,-0.0832,-0.0987,-0.1069,-0.0869,-0.0936,-0.0878,-0.0848,-0.0709,-0.0961,-0.0879,-0.0884,-0.0871,-0.0689,-0.0696,-0.0811,-0.0893,-0.0877,-0.0554,-0.0519,-0.055133333,0.323333333
19650728,0.0031,0.0206,0.0352,0.0291,0.0206,0.0393,0.0352,0.0097,0.0247,0.0338,0.0404,0.0079,0.042,0.0218,0.0408,0.0442,0.024,0.0278,0.0374,0.0262,0.0611,0.0136,0.0167,0.013466667,0.323333333
19650828,0.0033,0.0227,0.0506,0.0513,0.0354,0.0358,0.0725,0.0357,0.0442,0.042,0.0373,0.074,0.0484,0.0721,0.0321,0.0591,0.038,0.0321,0.0511,0.0273,0.0455,0.0276,0.0309,0.0276,0.33
19650928,0.0031,0.027,0.068,0.0054,0.0369,0.0277,0.052,0.0318,0.0276,0.0443,0.0247,0.0213,0.0424,0.0216,0.0484,0.0429,0.0342,0.0319,0.0144,0.0239,0.0374,0.0288,0.0319,0.028733333,0.316666667
19651028,0.0031,0.0551,0.0865,0.061,0.0532,0.0868,0.0453,0.0553,0.0362,0.0522,0.0505,0.0438,0.0465,0.0547,0.0505,0.0503,0.0391,0.022,0.0299,0.0386,0.0834,0.0262,0.0293,0.026133333,0.316666667
19651128,0.0035,0.0333,0.0597,0.0269,0.0756,0.0617,0.0105,0.0501,0.0392,0.0504,0.0381,0.0357,0.0316,0.0498,0.0249,0.024,0.0304,0.0186,0.0347,0.0105,0.0529,-0.0005,0.003,-0.000233333,0.323333333
19651228,0.0033,0.0622,0.0654,0.0258,0.0369,0.0451,0.0336,0.0465,0.0392,0.0219,0.0654,0.0219,0.0111,0.0332,0.0166,0.0517,0.0086,0.0101,0.0093,0.0414,0.0519,0.0102,0.0135,0.0102,0.33
19660128,0.0038,0.0581,0.0628,0.0747,0.0894,0.091,0.0413,0.0502,0.0491,0.047,0.0624,0.0422,0.022,0.0237,0.0432,0.059,0.0025,0.0111,0.0464,0.0389,0.0584,0.0083,0.0121,0.008566667,0.353333333
19660228,0.0035,0.0609,0.0592,0.0101,0.0439,0.0562,0.0478,0.0493,0.0156,-0.0045,0.0307,-0.0039,0.0164,0.0382,0.0228,0.0228,0.0195,-0.0251,0.0041,0.0014,0.0217,-0.0121,-0.0086,-0.012133333,0.353333333
19660328,0.0038,-0.0006,-0.0131,-0.0201,-0.0128,-0.0149,0.0003,-0.0223,-0.0247,-0.0396,-0.0213,-0.0201,-0.0513,-0.0259,-0.0387,-0.0414,-0.0047,-0.0261,-0.0388,-0.0305,-0.0326,-0.0247,-0.0209,-0.0246,0.37
19660428,0.0034,0.0972,0.04,0.0581,0.0643,0.0334,0.0277,0.0485,0.0333,0.0731,0.0825,0.0317,0.0384,0.0283,0.0376,0.025,0.0368,0.0141,0.0345,0.0431,0.0076,0.0214,0.0248,0.021233333,0.356666667
19660528,0.0041,-0.1275,-0.1322,-0.1121,-0.11,-0.1201,-0.1027,-0.1052,-0.0928,-0.1028,-0.0945,-0.0615,-0.0776,-0.0829,-0.1045,-0.1014,-0.0551,-0.0545,-0.0759,-0.0902,-0.1092,-0.0566,-0.0525,-0.056266667,0.376666667
19660628,0.0038,-0.0133,-0.0048,0.0048,0.0131,-0.0008,0.0111,-0.0002,-0.0011,-0.0105,-0.0016,-0.0069,-0.0067,0.0213,-0.0063,-0.0111,-0.0145,-0.0183,-0.0056,0.0341,0.0046,-0.0141,-0.0103,-0.014066667,0.376666667
19660728,0.0035,-0.0234,-0.0231,-0.0279,-0.0028,-0.0139,-0.0386,-0.0129,-0.0146,-0.0198,-0.0204,-0.0132,-0.022,-0.0113,-0.0144,-0.0163,-0.0135,-0.0172,-0.0226,-0.0298,-0.0226,-0.0164,-0.0129,-0.0167,0.38
19660828,0.0041,-0.1207,-0.1127,-0.1029,-0.1119,-0.1084,-0.1362,-0.1065,-0.0996,-0.1016,-0.1132,-0.1099,-0.0913,-0.0853,-0.102,-0.0919,-0.0977,-0.0808,-0.083,-0.0732,-0.1053,-0.0795,-0.0754,-0.0792,0.38
19660928,0.004,-0.0209,-0.0274,-0.0199,-0.023,-0.0159,-0.0242,0.0044,-0.0259,-0.0227,-0.0249,-0.0266,-0.05,-0.0013,-0.0089,-0.0149,-0.0133,-0.0025,-0.014,-0.0361,-0.0042,-0.011,-0.007,-0.010866667,0.386666667
19661028,0.0045,-0.0841,-0.0513,-0.0502,-0.0142,-0.0193,-0.0608,-0.0089,-0.0138,-0.0026,-0.0066,-0.025,0.0119,0.0275,0.0436,0.012,-0.0007,0.0452,0.0329,0.0349,0.0103,0.0378,0.0423,0.0381,0.42
19661128,0.004,0.0832,0.0267,0.0425,0.0181,0.0329,0.0733,0.0231,0.0721,0.0135,0.0226,0.0942,0.0634,0.0068,0.0422,0.0009,0.0796,0.0088,0.0089,0.0152,0.0071,0.0135,0.0175,0.013333333,0.416666667
19661228,0.004,0.0376,0.021,0.021,0.0053,-0.0028,0.0434,0.0264,0.0067,0.017,0.0031,0.0264,0.0295,0.0041,0.0269,-0.0088,0.0277,0.0191,0.0119,0.0328,0.0179,0.0022,0.0062,0.002033333,0.416666667
19670128,0.0043,0.19,0.2083,0.1898,0.1974,0.1714,0.1654,0.1561,0.1757,0.1693,0.2,0.1676,0.1339,0.1203,0.1292,0.1394,0.0938,0.0625,0.1002,0.1053,0.129,0.0812,0.0855,0.0814,0.41
19670228,0.0036,0.0687,0.0525,0.05,0.042,0.0559,0.0287,0.0162,0.0216,0.0259,0.0127,0.0153,0.0159,0.0151,0.0041,0.0049,0.0251,-0.0077,-0.0055,0.0073,0.0004,0.0074,0.011,0.007033333,0.396666667
19670328,0.0039,0.0665,0.0585,0.0458,0.0709,0.0484,0.065,0.0551,0.0701,0.0606,0.0585,0.0521,0.0517,0.0426,0.0735,0.0393,0.0531,0.0388,0.0537,0.0409,0.0532,0.0395,0.0434,0.039466667,0.393333333
19670428,0.0032,0.0642,0.0418,0.0299,0.0369,0.033,0.029,0.0332,0.0488,0.035,0.03,0.052,0.0414,0.0284,0.0515,0.026,0.0638,0.0266,0.0395,0.0301,0.0292,0.0384,0.0416,0.038033333,0.356666667
19670528,0.0033,0.0002,0.0054,-0.0148,-0.0125,-0.0093,-0.0158,0.0045,-0.0002,-0.029,-0.0385,-0.0348,-0.019,-0.0212,-0.0025,-0.0212,-0.026,-0.0088,-0.0244,-0.0169,-0.0091,-0.0426,-0.0393,-0.042766667,0.346666667
19670628,0.0027,0.1547,0.0945,0.1174,0.1193,0.0984,0.0996,0.0592,0.0703,0.0923,0.0562,0.0453,0.0794,0.0375,0.0427,0.0341,0.0274,0.0203,0.0346,0.0646,0.0609,0.0242,0.0269,0.023833333,0.306666667
19670728,0.0032,0.0917,0.0961,0.0931,0.067,0.1171,0.0585,0.065,0.0918,0.0921,0.0793,0.0506,0.0485,0.0561,0.0687,0.1105,0.0439,0.0448,0.0483,0.0682,0.0881,0.046,0.0492,0.046133333,0.303333333
19670828,0.0031,-0.0116,0.0045,0.0001,0.0007,0.0179,-0.0149,-0.0162,0.0037,0.0009,0.0079,-0.0334,0.0075,0.0091,0.0091,-0.0061,-0.0124,-0.0123,-0.0095,0.008,0.0362,-0.0093,-0.0062,-0.0092,0.296666667
19670928,0.0032,0.1096,0.0946,0.08,0.073,0.0455,0.048,0.0557,0.0675,0.0518,0.028,0.0534,0.0196,0.0246,0.0432,0.0235,0.0322,0.0124,0.021,0.0315,0.0009,0.0311,0.0343,0.031133333,0.313333333
19671028,0.0039,0.0157,-0.0445,-0.0228,-0.0211,-0.0315,-0.0116,-0.0265,0.0025,-0.0292,-0.0545,-0.0389,-0.0169,-0.0373,-0.0321,-0.0282,-0.0526,-0.0557,-0.0588,-0.0294,-0.0557,-0.0313,-0.0274,-0.0308,0.34
19671128,0.0036,-0.0141,0.0321,-0.0145,-0.0154,-0.0162,0.0072,0.0022,0.0208,-0.0015,-0.0024,0.0233,0.0025,0.003,-0.0063,-0.0128,0.0295,0.0018,-0.0031,-0.0046,-0.0091,0.0043,0.0079,0.004333333,0.356666667
19671228,0.0033,0.1289,0.1035,0.084,0.0966,0.0953,0.1206,0.0595,0.0854,0.0689,0.0879,0.0736,0.0576,0.053,0.0536,0.0677,0.0133,0.0218,0.0388,0.042,0.0367,0.0304,0.0337,0.0301,0.36
19680128,0.004,0.0279,0.0214,0.0256,0.0297,0.0567,-0.0496,-0.0255,-0.0091,0.0073,0.0215,-0.0726,-0.0142,-0.0106,-0.0113,0.0238,-0.0838,0.0008,-0.0346,-0.0025,-0.0113,-0.0403,-0.0363,-0.039933333,0.363333333
19680228,0.0039,-0.1051,-0.0742,-0.0574,-0.0775,-0.056,-0.0711,-0.0662,-0.0931,-0.0372,-0.0603,-0.0727,-0.0434,-0.0308,-0.028,-0.0496,-0.0583,-0.0373,-0.0302,-0.0538,-0.0462,-0.0375,-0.0336,-0.037333333,0.373333333
19680328,0.0038,-0.019,-0.004,-0.0069,-0.0256,-0.0037,-0.0076,-0.0232,-0.0055,-0.0152,-0.0102,0.0163,-0.0076,-0.0271,0.0035,-0.0056,-0.0016,-0.0048,-0.0171,-0.0016,-0.0036,0.0013,0.0051,0.0012,0.39
19680428,0.0043,0.2114,0.1736,0.1582,0.162,0.1486,0.1854,0.1246,0.1729,0.118,0.1222,0.157,0.1095,0.0771,0.1026,0.1736,0.1224,0.0679,0.082,0.1163,0.1109,0.0898,0.0941,0.0901,0.4
19680528,0.0045,0.0992,0.1231,0.1007,0.1135,0.1141,0.1145,0.0726,0.0738,0.0713,0.0656,0.0834,0.0422,0.0441,0.0444,0.0654,0.0402,0.0409,0.0229,0.0233,0.0583,0.0225,0.027,0.0228,0.42
19680628,0.0043,-0.0167,-0.0055,0.0126,0.0126,-0.0004,-0.0157,0.013,-0.0179,0.0109,-0.0014,-0.0243,0.0242,0.0297,0.015,0.0098,-0.0056,0.0387,0.0329,0.0245,-0.0292,0.0072,0.0115,0.007133333,0.436666667
19680728,0.0048,-0.0532,-0.0516,-0.0381,-0.0203,0.0026,-0.0935,-0.0448,-0.0238,-0.0059,-0.0081,-0.0639,-0.0414,-0.0422,-0.0124,-0.0067,-0.0595,-0.0404,-0.0414,-0.0183,-0.0269,-0.0268,-0.022,-0.026533333,0.453333333
19680828,0.0042,0.0399,0.0547,0.038,0.0437,0.042,0.0115,0.0297,0.0336,0.0102,0.0676,0.0256,0.0266,0.027,0.0176,0.0454,0.0145,0.008,0.0159,0.0151,0.0276,0.0138,0.018,0.013566667,0.443333333
19680928,0.0043,0.0671,0.0807,0.0637,0.0551,0.0575,0.0666,0.0592,0.068,0.0542,0.0576,0.0707,0.0579,0.028,0.0573,0.0595,0.0611,0.0563,0.0481,0.0593,0.0526,0.0402,0.0445,0.040066667,0.443333333
19681028,0.0044,-0.0232,-0.0041,0.0105,0.0005,0.0136,-0.0074,0.0028,0.0158,0.0162,0.004,-0.0065,0.0212,0.0258,0.0223,0.0036,-0.0076,0.0006,0.0181,0.0037,0.0208,0.0046,0.009,0.0047,0.43
19681128,0.0042,0.0611,0.0716,0.0586,0.0625,0.0657,0.0966,0.0868,0.0741,0.0888,0.055,0.0794,0.0665,0.0765,0.0901,0.073,0.0642,0.0749,0.0676,0.0671,0.0806,0.0543,0.0585,0.0542,0.43
19681228,0.0043,0.0403,0.0177,0.0028,-0.0085,0.0013,-0.0053,0.0017,-0.0186,-0.0376,-0.0392,-0.0304,-0.044,-0.017,-0.0027,-0.0328,-0.044,-0.0495,-0.0422,-0.0185,-0.0095,-0.0382,-0.0339,-0.0382,0.43
19690128,0.0053,-0.013,-0.0259,-0.0288,-0.0185,-0.0188,-0.0322,-0.0156,-0.0189,0.0078,0.0003,-0.0391,-0.0163,-0.0136,-0.0136,-0.0174,-0.0263,-0.0022,-0.005,-0.0114,0.0075,-0.012,-0.0067,-0.0113,0.46
19690228,0.0046,-0.1291,-0.1115,-0.094,-0.0928,-0.09,-0.1151,-0.0853,-0.0503,-0.0808,-0.0794,-0.0985,-0.0878,-0.0656,-0.0746,-0.0624,-0.086,-0.08,-0.0526,-0.0787,-0.0926,-0.0582,-0.0536,-0.058333333,0.473333333
19690328,0.0046,0.0275,0.021,0.029,0.0381,0.0183,0.0376,0.0121,0.0177,0.0013,0.0476,0.0152,0.0193,0.0014,0.0227,0.0225,0.0431,-0.0261,0.0243,0.0099,0.0306,0.0259,0.0305,0.025666667,0.483333333
19690428,0.0053,0.0072,-0.0106,0.0044,0.0199,-0.0047,0.0103,0.0063,0.0057,-0.0087,0.0405,0.0178,-0.0049,-0.0018,0.0146,-0.0006,0.0222,0.0182,0.0014,-0.0198,0.0159,0.0152,0.0205,0.015666667,0.483333333
19690528,0.0048,0.0033,0.0046,0.0027,0.0039,-0.0017,-0.0243,-0.0198,-0.0126,-0.0078,0.0002,-0.0043,-0.0005,0.0077,0.0107,-0.0234,-0.0075,-0.0143,0.0198,-0.0015,-0.0279,0.0002,0.005,0.0001,0.49
19690628,0.0051,-0.1481,-0.1334,-0.1381,-0.133,-0.1261,-0.1267,-0.1153,-0.0965,-0.109,-0.1157,-0.108,-0.0988,-0.1177,-0.1026,-0.0953,-0.0762,-0.0925,-0.0856,-0.0789,-0.0885,-0.0725,-0.0674,-0.072466667,0.506666667
19690728,0.0053,-0.1379,-0.1163,-0.1165,-0.1088,-0.0845,-0.1113,-0.1039,-0.0897,-0.0713,-0.089,-0.1051,-0.113,-0.0701,-0.0667,-0.0815,-0.0716,-0.087,-0.0763,-0.0607,-0.0721,-0.0705,-0.0652,-0.070266667,0.506666667
19690828,0.005,0.0436,0.0433,0.0471,0.0268,0.0226,0.0669,0.0604,0.034,0.029,0.0216,0.0914,0.0798,0.0651,0.0205,0.051,0.0942,0.0511,0.0422,0.0308,0.0187,0.0465,0.0515,0.046366667,0.513333333
19690928,0.0062,-0.0345,-0.0551,-0.057,-0.029,-0.0407,0.0069,-0.0133,-0.0239,-0.0154,-0.0204,-0.0048,-0.0055,-0.0215,-0.0351,-0.0423,-0.0004,-0.0223,-0.0291,-0.0358,-0.0439,-0.0288,-0.0226,-0.0281,0.55
19691028,0.006,0.1398,0.1177,0.0854,0.0734,0.0573,0.1031,0.0762,0.0645,0.0542,0.0636,0.084,0.0618,0.0678,0.0763,0.0628,0.0835,0.0706,0.0729,0.0561,0.0475,0.0496,0.0556,0.049866667,0.573333333
19691128,0.0052,-0.0913,-0.0799,-0.0668,-0.065,-0.079,-0.04,-0.0618,-0.0365,-0.0565,-0.0584,-0.0519,-0.0488,-0.0717,-0.0404,-0.0606,-0.0265,-0.0433,-0.0378,-0.0582,-0.067,-0.0374,-0.0322,-0.038,0.58
19691228,0.0064,-0.0876,-0.0829,-0.0642,-0.089,-0.0928,-0.0468,-0.0659,-0.0801,-0.0665,-0.0652,-0.0373,-0.0227,-0.048,-0.0556,-0.0573,-0.0022,-0.0495,-0.0255,-0.0242,-0.0406,-0.0261,-0.0197,-0.025566667,0.586666667
19700128,0.006,-0.0491,-0.0453,-0.0485,-0.0302,-0.005,-0.0753,-0.0701,-0.0248,-0.0454,-0.0239,-0.1025,-0.0709,-0.0861,-0.0468,-0.04,-0.0853,-0.1203,-0.0816,-0.0676,-0.0599,-0.0793,-0.0733,-0.079166667,0.586666667
19700228,0.0062,0.0164,0.0292,0.0317,0.0251,0.0365,0.0235,0.0228,0.0183,0.0797,0.0641,0.0357,0.0149,0.052,0.0514,0.0674,0.0369,0.0439,0.058,0.0828,0.0607,0.0505,0.0567,0.0505,0.62
19700328,0.0057,-0.069,-0.0552,-0.0318,-0.0023,-0.0184,-0.0664,-0.0351,-0.0051,-0.0088,0.0015,-0.0441,-0.0108,-0.0177,0.0137,0.0051,-0.0471,-0.0033,0.0061,0.0033,0.0236,-0.0104,-0.0047,-0.010666667,0.596666667
19700428,0.005,-0.2476,-0.1921,-0.1528,-0.1327,-0.1241,-0.2259,-0.1769,-0.1489,-0.117,-0.116,-0.2101,-0.1436,-0.1388,-0.0929,-0.113,-0.1617,-0.1552,-0.1014,-0.1015,-0.0985,-0.1103,-0.1053,-0.110933333,0.563333333
19700528,0.0053,-0.1056,-0.1069,-0.0967,-0.0835,-0.1095,-0.132,-0.0899,-0.1102,-0.0876,-0.0865,-0.1169,-0.1133,-0.1367,-0.0755,-0.0809,-0.1151,-0.104,-0.0802,-0.0796,-0.0874,-0.0696,-0.0643,-0.069633333,0.533333333
19700628,0.0058,-0.1281,-0.0949,-0.0769,-0.0875,-0.0652,-0.11,-0.0744,-0.0848,-0.0778,-0.0663,-0.0909,-0.0462,-0.0762,-0.0531,-0.0756,-0.0307,-0.0614,-0.0406,-0.0372,-0.1044,-0.0569,-0.0511,-0.056466667,0.536666667
19700728,0.0052,0.046,0.0456,0.0468,0.0617,0.0314,0.064,0.0701,0.0468,0.1014,0.0728,0.0743,0.0585,0.0903,0.05,0.064,0.0556,0.0896,0.0804,0.0854,0.105,0.069,0.0742,0.068766667,0.543333333
19700828,0.0053,0.0496,0.0589,0.0623,0.062,0.0586,0.0922,0.0868,0.0578,0.0703,0.0401,0.0522,0.0727,0.0609,0.0474,0.0644,0.0386,0.0777,0.0314,0.044,0.0631,0.0447,0.05,0.044566667,0.543333333
19700928,0.0054,0.2141,0.1607,0.155,0.111,0.1131,0.1755,0.1797,0.1005,0.0655,0.0904,0.1474,0.0935,0.0852,0.0446,0.0562,0.0897,0.0568,0.0431,0.0342,0.0729,0.0421,0.0475,0.0422,0.53
19701028,0.0046,-0.1157,-0.0774,-0.1156,-0.0669,-0.054,-0.0493,-0.084,-0.0654,-0.0441,-0.0485,-0.0617,-0.0483,-0.066,-0.0304,-0.0407,-0.0299,-0.0394,-0.0393,-0.0378,-0.0675,-0.0228,-0.0182,-0.0233,0.51
19701128,0.0046,-0.0508,-0.0262,-0.025,-0.0009,-0.0016,0.0037,0.0084,0.0245,0.0513,0.0339,0.0245,0.0275,0.0407,0.0454,0.016,0.0442,0.0252,0.0582,0.0845,0.0412,0.0458,0.0504,0.045533333,0.486666667
19701228,0.0042,0.0656,0.072,0.1003,0.1116,0.1038,0.0826,0.0781,0.08,0.0891,0.0905,0.0564,0.0929,0.102,0.0752,0.0763,0.0562,0.1022,0.0813,0.0904,0.074,0.0565,0.0607,0.056233333,0.446666667
19710128,0.0038,0.1468,0.1343,0.1577,0.1362,0.1554,0.0716,0.1266,0.1248,0.1059,0.1231,0.0795,0.0817,0.1067,0.0739,0.0745,0.0493,0.0667,0.0471,0.0762,0.1359,0.0482,0.052,0.0478,0.42
19710228,0.0033,0.0775,0.0701,0.0546,0.0299,0.037,0.0368,0.033,0.0235,0.0128,0.0056,0.0366,0.0146,0.0208,0.0088,0.0146,0.034,0.0254,0.0007,0.0289,0.0076,0.0136,0.0169,0.013133333,0.376666667
19710328,0.003,0.0771,0.0454,0.0777,0.0633,0.0472,0.0765,0.0644,0.0525,0.0411,0.0108,0.1009,0.0901,0.0317,0.0294,0.0486,0.0643,0.0589,0.0436,0.0195,0.0345,0.0418,0.0448,0.041433333,0.336666667
19710428,0.0028,0.0056,0.0311,0.0162,0.0239,0.0151,0.0195,0.0221,0.0218,0.0311,0.0666,0.0599,0.0421,0.0464,0.018,0.0569,0.0286,0.0275,0.016,0.0317,0.0903,0.0305,0.0333,0.030266667,0.303333333
19710528,0.0029,-0.0683,-0.0532,-0.0758,-0.0517,-0.0656,-0.0375,-0.058,-0.0563,-0.0452,-0.0475,-0.0481,-0.0295,-0.0521,-0.0395,-0.0379,-0.0235,-0.0376,-0.0458,-0.0327,-0.0469,-0.0393,-0.0364,-0.0393,0.29
19710628,0.0037,-0.0092,-0.0398,-0.0296,-0.0141,-0.0231,0.0366,-0.0267,-0.0003,-0.0222,-0.0373,-0.0198,0.0144,-0.0181,-0.0227,-0.0198,0.0096,0.0075,0.0189,0.0068,-0.044,-0.0006,0.0031,-3.33333E-05,0.313333333
19710728,0.004,-0.0896,-0.0861,-0.0774,-0.063,-0.0633,-0.0677,-0.0522,-0.0453,-0.0692,-0.0614,-0.0842,-0.0491,-0.0342,-0.0566,-0.0657,-0.0388,-0.0468,-0.0417,-0.0453,-0.0833,-0.0443,-0.0403,-0.043833333,0.353333333
19710828,0.0047,0.0284,0.0389,0.0249,0.0398,0.0525,0.034,0.0676,0.032,0.055,0.0714,0.0608,0.0431,0.0148,0.0671,0.0809,0.0644,0.0374,0.0185,0.0301,0.0866,0.0378,0.0425,0.038366667,0.413333333
19710928,0.0037,0.0101,0.0164,-0.0043,-0.0095,-0.0279,0.018,-0.0154,-0.0234,-0.0202,-0.0319,0.0076,-0.0001,-0.0127,-0.0144,-0.0383,0.015,-0.0119,-0.0086,-0.0048,-0.0524,-0.0087,-0.005,-0.009133333,0.413333333
19711028,0.0037,-0.0809,-0.0722,-0.0759,-0.0471,-0.0763,-0.0626,-0.0578,-0.0378,-0.0471,-0.0703,-0.0835,-0.0665,-0.0338,-0.0488,-0.0622,-0.0371,-0.0353,-0.0275,-0.059,-0.0726,-0.0444,-0.0407,-0.044733333,0.403333333
19711128,0.0037,-0.0373,-0.0608,-0.0433,-0.0482,-0.059,-0.0201,-0.0287,-0.0199,-0.0298,-0.0305,-0.0229,-0.0143,-0.0126,-0.0499,-0.0573,0.0012,-0.0238,-0.0281,0.0017,-0.0484,-0.005,-0.0013,-0.005,0.37
19711228,0.0037,0.1424,0.135,0.1054,0.1138,0.1291,0.1261,0.1354,0.1268,0.1071,0.1229,0.1374,0.092,0.0968,0.1131,0.1266,0.1181,0.0934,0.0864,0.0752,0.1256,0.0876,0.0913,0.0876,0.37
19720128,0.0029,0.1277,0.1308,0.1088,0.1072,0.1458,0.0922,0.0603,0.0563,0.0632,0.1041,0.0577,0.0364,0.025,0.0573,0.0797,0.0258,0.0157,0.0133,0.0284,0.0729,0.0255,0.0284,0.024966667,0.343333333
19720228,0.0025,0.027,0.0488,0.0365,0.0425,0.0327,0.0492,0.0406,0.0405,0.0138,0.0382,0.0663,0.0365,0.0214,-0.0067,0.0142,0.054,0.0143,-0.0001,0.018,0.0011,0.0288,0.0313,0.028266667,0.303333333
19720328,0.0027,0.0266,-0.0034,-0.0221,-0.017,-0.0076,0.0179,0.0128,-0.0122,-0.0027,-0.0186,0.0217,0.0092,0.0176,-0.0009,-0.02,0.0085,-0.0056,0.0261,0.0144,0.0043,0.006,0.0087,0.006,0.27
19720428,0.0029,-0.0151,0.0022,-0.0156,0.0126,0.0071,-0.0045,0.0035,0.02,0.018,0.0138,0.013,-0.0095,-0.0066,0.007,0.0035,-0.0097,-0.0113,-0.0046,0.0086,0.0356,0.0026,0.0055,0.0028,0.27
19720528,0.003,-0.0173,-0.0173,-0.0465,-0.0244,-0.026,-0.0086,-0.0188,-0.0225,-0.0372,-0.0178,0.0092,-0.0207,0.0026,-0.0133,-0.0382,0.032,-0.0179,-0.0185,-0.0048,-0.0039,0.0134,0.0164,0.013533333,0.286666667
19720628,0.0029,-0.0454,-0.0506,-0.0394,-0.0332,-0.0396,-0.0486,-0.0223,-0.0186,-0.0171,0.0043,-0.0041,-0.02,-0.0436,-0.0459,-0.062,-0.0454,-0.0207,-0.0253,-0.0471,-0.0789,-0.0238,-0.0209,-0.023833333,0.293333333
19720728,0.0031,-0.074,-0.051,-0.0451,-0.0369,-0.0311,-0.0558,-0.0509,-0.0372,-0.0226,-0.0412,-0.0356,-0.0177,-0.0368,-0.0085,-0.0136,-0.0384,-0.0452,-0.0235,-0.0043,-0.024,-0.0074,-0.0043,-0.0073,0.3
19720828,0.0029,-0.02,-0.0283,0.0036,-0.0044,0.02,-0.0091,-0.0188,0.0184,0.0149,0.0429,0.0001,0.0196,0.0273,0.0496,0.0323,-0.0032,0.0236,0.0471,0.0493,0.0677,0.0331,0.036,0.033033333,0.296666667
19720928,0.0034,-0.0525,-0.0513,-0.0506,-0.0415,-0.0448,-0.0385,-0.039,-0.0249,-0.025,-0.0391,-0.0203,-0.0285,-0.0144,-0.0221,-0.0316,-0.0215,-0.0373,-0.0079,-0.0271,-0.0434,-0.0111,-0.0077,-0.010833333,0.313333333
19721028,0.004,-0.037,-0.0372,-0.0321,-0.0238,-0.0229,-0.0444,-0.0077,0.0115,0.003,-0.0115,-0.0312,-0.0119,0.0091,0.0033,-0.001,-0.0203,-0.0083,0.0103,0.0191,-0.0134,0.0047,0.0087,0.005266667,0.343333333
19721128,0.0037,-0.0082,0.0373,0.0433,0.056,0.0558,0.0415,0.045,0.0679,0.0427,0.0721,0.0266,0.037,0.0622,0.0711,0.0687,0.0625,0.0746,0.0638,0.0656,0.1068,0.0461,0.0498,0.0461,0.37
19721228,0.0037,-0.0227,-0.0266,-0.0358,-0.0289,-0.0185,-0.0099,-0.0307,-0.0003,-0.038,-0.0275,0.0063,-0.0069,-0.0105,-0.014,-0.0298,0.0019,-0.0144,-0.0095,-0.0215,-0.0478,0.0075,0.0112,0.0074,0.38
19730128,0.0044,-0.0855,-0.0543,-0.0319,-0.0406,-0.0182,-0.1096,-0.0611,-0.0739,-0.0364,-0.0589,-0.0793,-0.0781,-0.0643,-0.0411,-0.0583,-0.0686,-0.0781,-0.0602,-0.0388,-0.0465,-0.0321,-0.0277,-0.031633333,0.393333333
19730228,0.0041,-0.1425,-0.0925,-0.0884,-0.087,-0.0632,-0.1424,-0.0852,-0.0799,-0.0633,-0.0589,-0.1135,-0.0866,-0.083,-0.0332,-0.0748,-0.0866,-0.0794,-0.0483,-0.0407,-0.0249,-0.0486,-0.0445,-0.048566667,0.406666667
19730328,0.0046,-0.0722,-0.0482,-0.0297,-0.0142,-0.0222,-0.0586,-0.0279,-0.0309,-0.0247,-0.0059,-0.0535,-0.0473,-0.0252,-0.023,-0.0019,-0.0438,-0.0456,-0.0247,-0.0259,0.0038,-0.0125,-0.0079,-0.012266667,0.436666667
19730428,0.0052,-0.1227,-0.1023,-0.0719,-0.0696,-0.0587,-0.1459,-0.0999,-0.0636,-0.0495,-0.0514,-0.1175,-0.0685,-0.0439,-0.04,-0.0463,-0.1142,-0.0871,-0.0322,-0.0343,-0.0513,-0.0569,-0.0517,-0.056333333,0.463333333
19730528,0.0051,-0.1154,-0.1144,-0.0932,-0.0824,-0.0864,-0.1184,-0.096,-0.0806,-0.0707,-0.0948,-0.094,-0.0853,-0.0533,-0.0327,-0.0718,-0.0756,-0.0821,-0.029,-0.0296,-0.0503,-0.0296,-0.0245,-0.029466667,0.496666667
19730628,0.0051,-0.0531,-0.0468,-0.0507,-0.0342,-0.0282,-0.0731,-0.047,-0.0331,-0.0247,-0.0205,-0.07,-0.0322,-0.0235,-0.0142,-0.0368,-0.051,-0.0452,-0.0336,-0.015,-0.0423,-0.0138,-0.0087,-0.013833333,0.513333333
19730728,0.0064,0.1827,0.153,0.1147,0.1295,0.097,0.2154,0.136,0.1055,0.0643,0.0926,0.1861,0.0894,0.063,0.0128,0.0707,0.1467,0.087,0.0598,0.0255,0.0828,0.0507,0.0571,0.051566667,0.553333333
19730828,0.007,-0.0617,-0.0741,-0.0648,-0.0676,-0.0527,-0.0355,-0.0817,-0.0549,-0.0568,-0.0464,-0.0372,-0.0483,-0.0479,-0.0318,-0.0165,-0.0318,-0.0167,-0.024,-0.0372,-0.0081,-0.0367,-0.0297,-0.035866667,0.616666667
19730928,0.0068,0.1118,0.109,0.0619,0.0722,0.0627,0.102,0.1094,0.1045,0.0646,0.0962,0.1054,0.0921,0.0912,0.08,0.0987,0.0923,0.1101,0.1059,0.0899,0.0984,0.0472,0.054,0.047266667,0.673333333
19731028,0.0065,-0.032,-0.0019,0.0021,-0.0046,0.0067,-0.0395,-0.0303,0.0071,0.0051,0.0074,-0.0453,0.0158,0.0001,-0.0085,0.0062,-0.0325,-0.0211,0.0098,-0.0089,0.0115,-0.0068,-0.0003,-0.007066667,0.676666667
19731128,0.0056,-0.2545,-0.221,-0.1972,-0.1735,-0.185,-0.2391,-0.2097,-0.1946,-0.1642,-0.1638,-0.2332,-0.1875,-0.1652,-0.1283,-0.1617,-0.2074,-0.1784,-0.1465,-0.1265,-0.154,-0.1265,-0.1209,-0.1272,0.63
19731228,0.0064,-0.0438,-0.0544,-0.0484,-0.0365,-0.048,-0.0137,-0.0472,-0.0128,-0.0179,-0.015,-0.0212,0.0033,-0.0011,0.0036,0.0203,-0.0062,0.0219,0.0633,0.0227,0.0598,0.005,0.0114,0.005233333,0.616666667
19740128,0.0063,0.0956,0.1372,0.1408,0.1194,0.1807,0.0403,0.0995,0.0868,0.1009,0.1269,0.046,0.0371,0.0784,0.0682,0.1043,-0.0225,0.0139,0.0234,0.0716,0.0485,-0.0019,0.0044,-0.0017,0.61
19740228,0.0058,-0.0092,-0.0132,-0.0097,-0.007,0.005,-0.0027,0.0136,0.0053,0.0105,0.0353,-0.0313,-0.0097,0.0119,-0.0007,0.0157,-0.0295,0.0029,0.0142,0.0119,0.0288,-0.0035,0.0023,-0.003866667,0.616666667
19740328,0.0056,-0.0029,-0.0141,0,0.0076,0.0139,-0.0218,0.01,-0.0212,-0.0148,0.0009,-0.0235,-0.0145,-0.0352,-0.0199,-0.0161,-0.0318,-0.0424,-0.0526,-0.0337,-0.0277,-0.029,-0.0234,-0.0293,0.59
19740428,0.0075,-0.055,-0.0653,-0.0594,-0.0627,-0.0473,-0.0903,-0.0709,-0.0658,-0.0454,-0.0417,-0.0692,-0.0813,-0.0487,-0.0676,-0.033,-0.076,-0.0767,-0.0668,-0.0726,-0.0239,-0.0535,-0.046,-0.0523,0.63
19740528,0.0075,-0.0901,-0.0802,-0.089,-0.0757,-0.0672,-0.0728,-0.0851,-0.0831,-0.0794,-0.0805,-0.0781,-0.1013,-0.0728,-0.0776,-0.0919,-0.0699,-0.0971,-0.0632,-0.068,-0.0793,-0.0495,-0.042,-0.048866667,0.686666667
19740628,0.006,-0.0412,-0.0392,-0.0278,-0.0298,-0.0208,-0.0446,-0.0419,-0.0338,-0.0124,-0.0106,-0.051,-0.0307,-0.0408,-0.0515,-0.0103,-0.0371,-0.0437,-0.0318,-0.0519,-0.0503,-0.0289,-0.0229,-0.0299,0.7
19740728,0.007,-0.0952,-0.0632,-0.0596,-0.0531,-0.046,-0.0788,-0.0451,-0.0509,-0.0423,-0.034,-0.0742,-0.0311,-0.0284,-0.0387,0.004,-0.092,-0.0672,-0.0322,-0.0143,-0.015,-0.0779,-0.0709,-0.077733333,0.683333333
19740828,0.006,-0.105,-0.0895,-0.0812,-0.081,-0.0744,-0.1,-0.1173,-0.0688,-0.0833,-0.0596,-0.1137,-0.1088,-0.0712,-0.077,-0.0739,-0.1236,-0.0922,-0.0872,-0.0719,-0.0672,-0.0937,-0.0877,-0.094033333,0.633333333
19740928,0.0081,-0.1391,-0.091,-0.078,-0.0774,-0.0916,-0.1248,-0.078,-0.088,-0.0852,-0.0808,-0.1384,-0.0922,-0.0781,-0.0538,-0.0668,-0.1236,-0.0796,-0.0606,-0.0713,-0.0892,-0.1178,-0.1097,-0.116733333,0.703333333
19741028,0.0051,0.1468,0.0664,0.0634,0.0732,0.0873,0.1595,0.1038,0.0637,0.0775,0.0617,0.1811,0.1016,0.0657,0.0796,0.0863,0.2068,0.1237,0.1061,0.0915,0.0984,0.1605,0.1656,0.1592,0.64
19741128,0.0054,-0.0637,-0.0608,-0.0568,-0.0576,-0.0726,-0.0574,-0.0504,-0.045,-0.0575,-0.0738,-0.0498,-0.0456,-0.0325,-0.0486,-0.0188,-0.0275,-0.0097,-0.0146,-0.0433,-0.0639,-0.0464,-0.041,-0.0472,0.62
19741228,0.007,-0.0768,-0.0884,-0.0801,-0.0813,-0.0973,-0.0723,-0.0653,-0.0628,-0.0749,-0.0654,-0.0628,-0.0496,-0.0483,-0.0578,-0.0765,-0.0522,-0.0316,-0.048,-0.0268,-0.1026,-0.034,-0.027,-0.032833333,0.583333333
19750128,0.0058,0.2589,0.2895,0.2772,0.2725,0.3209,0.2066,0.2557,0.2625,0.2651,0.2876,0.1853,0.2428,0.2146,0.2293,0.2713,0.1511,0.1996,0.2295,0.2384,0.2715,0.1356,0.1414,0.135333333,0.606666667
19750228,0.0043,0.0643,0.0481,0.0266,0.0297,0.0441,0.0887,0.0619,0.0119,0.0349,0.0164,0.0689,0.0257,0.0268,0.0441,0.041,0.0601,0.0218,0.0126,0.0271,0.0201,0.0543,0.0586,0.0529,0.57
19750328,0.0041,0.0859,0.1042,0.0835,0.074,0.0939,0.0601,0.0641,0.067,0.0564,0.0786,0.055,0.0627,0.0374,0.0687,0.052,0.055,0.0582,0.0509,0.0496,0.0388,0.0261,0.0302,0.025466667,0.473333333
19750428,0.0044,0.0609,0.0576,0.0394,0.0247,0.0231,0.06,0.0353,0.024,0.009,0.0377,0.0502,0.0478,0.046,0.0314,0.0274,0.0651,0.0275,0.0248,0.0534,0.0402,0.042,0.0464,0.042133333,0.426666667
19750528,0.0044,0.1124,0.1057,0.0803,0.0723,0.0635,0.115,0.0707,0.0653,0.074,0.0708,0.0492,0.076,0.0389,0.0744,0.0103,0.0728,0.0582,0.0495,0.0382,0.0478,0.0508,0.0552,0.0509,0.43
19750628,0.0041,0.0559,0.0725,0.0708,0.0854,0.0708,0.0905,0.0663,0.0655,0.0785,0.0286,0.0531,0.0472,0.0629,0.0561,0.0502,0.0482,0.073,0.0703,0.1032,0.0786,0.0475,0.0516,0.0473,0.43
19750728,0.0048,-0.0201,-0.0033,-0.0209,-0.0064,-0.0114,-0.0389,-0.0369,-0.0325,-0.0409,-0.0443,-0.0559,-0.0377,-0.0404,-0.0449,-0.0628,-0.0776,-0.0695,-0.0447,-0.0489,-0.0732,-0.0652,-0.0604,-0.064833333,0.443333333
19750828,0.0048,-0.0748,-0.0688,-0.0529,-0.0583,-0.0819,-0.0497,-0.0448,-0.056,-0.046,-0.088,-0.0445,-0.0392,-0.039,-0.0465,-0.0604,-0.0492,-0.0386,-0.033,-0.0284,-0.0118,-0.0284,-0.0236,-0.028166667,0.456666667
19750928,0.0053,-0.0589,-0.0303,-0.0356,-0.0347,-0.0443,-0.0391,-0.0446,-0.0416,-0.0379,-0.0533,-0.0586,-0.0346,-0.0442,-0.0478,-0.0496,-0.0507,-0.0356,-0.0446,-0.0344,-0.0498,-0.0433,-0.038,-0.042966667,0.496666667
19751028,0.0056,0.0093,0.0078,0.0234,0.0223,0.0036,0.015,0.036,0.009,0.0313,0.038,0.0123,0.0314,0.0318,0.0413,0.0048,0.0532,0.054,0.0661,0.0472,0.0641,0.0504,0.056,0.050766667,0.523333333
19751128,0.0041,-0.0034,0.0144,0.0168,0.0204,0.0327,-0.0037,0.0281,0.0166,0.0362,0.035,0.0147,0.0215,0.0433,0.0376,0.0036,0.0257,0.0369,0.033,0.069,0.0567,0.0271,0.0312,0.0262,0.5
19751228,0.0048,-0.0137,-0.017,-0.0167,-0.0149,-0.0191,-0.0298,-0.0197,0.0007,-0.011,-0.0251,-0.0136,-0.0124,0.0014,-0.005,0.0236,-0.0278,0.001,-0.0045,-0.0121,-0.0126,-0.0158,-0.011,-0.015833333,0.483333333
19760128,0.0047,0.1536,0.1661,0.2021,0.2186,0.2634,0.1239,0.1608,0.1642,0.2033,0.263,0.1552,0.1496,0.1631,0.1813,0.218,0.1231,0.1343,0.1571,0.1751,0.2213,0.1213,0.126,0.121466667,0.453333333
19760228,0.0034,0.0949,0.0688,0.1009,0.118,0.1554,0.0694,0.0617,0.0691,0.0817,0.111,0.0366,0.0322,0.0526,0.0723,0.1144,0.0027,0.0297,0.0387,0.0496,0.0349,0.0038,0.0072,0.0029,0.43
19760328,0.004,0.0312,0.018,0.0154,0.0018,0.0128,0.0069,0.0034,0.001,0.0081,0.0209,0.0075,0.0045,0.0157,0.0167,0.0178,0.0049,0.0185,0.0065,0.0168,0.0639,0.0228,0.0268,0.022766667,0.403333333
19760428,0.0042,-0.0181,-0.0108,-0.0313,-0.0153,-0.0208,-0.0149,-0.0198,-0.0088,-0.0147,-0.0228,-0.0173,-0.0026,-0.0114,-0.0124,-0.0097,-0.0201,-0.0176,-0.0086,-0.0236,-0.0413,-0.0147,-0.0105,-0.014366667,0.386666667
19760528,0.0037,-0.0219,-0.0201,-0.0188,-0.0389,-0.0519,-0.0109,-0.0251,-0.0123,-0.0295,-0.0474,-0.0184,-0.0176,-0.0194,-0.0167,-0.0338,-0.0285,-0.0156,-0.0135,-0.0426,0.0084,-0.0131,-0.0094,-0.013366667,0.396666667
19760628,0.0043,0.0369,0.0185,0.0167,0.0261,0.0154,0.0202,0.0256,0.0336,0.0281,0.0579,0.0381,0.0474,0.0612,0.0418,0.0707,0.0379,0.0449,0.0687,0.075,0.0347,0.0401,0.0444,0.040333333,0.406666667
19760728,0.0047,-0.0148,-0.024,0.0029,-0.0078,0.0069,-0.0147,-0.0048,0.0207,-0.0036,0.0094,-0.02,-0.0127,-0.0002,0.003,-0.0054,-0.0201,-0.0001,-0.001,0.0108,0.0117,-0.0108,-0.0061,-0.010333333,0.423333333
19760828,0.0042,-0.0473,-0.0213,-0.016,-0.0181,-0.0197,-0.0481,-0.0211,-0.0307,-0.0155,-0.0172,-0.0303,-0.0175,-0.014,-0.0067,-0.0414,-0.0308,-0.0005,0.0124,-0.0163,0.0023,-0.0056,-0.0014,-0.0058,0.44
19760928,0.0044,0.0185,0.0137,0.0062,0.0172,0.0149,0.037,0.041,0.022,0.0295,0.0142,0.03,0.0254,0.0206,0.0237,0.0107,0.0181,0.0173,0.0251,0.0244,0.0084,0.0201,0.0245,0.020066667,0.443333333
19761028,0.0041,-0.0316,-0.019,-0.0199,-0.0195,-0.0275,-0.0333,-0.0369,-0.0266,-0.0176,-0.017,-0.0382,-0.0003,-0.0181,-0.0147,-0.0407,-0.0264,-0.0174,-0.0168,-0.0207,-0.0285,-0.0245,-0.0204,-0.024633333,0.423333333
19761128,0.004,0.0522,0.0288,0.0151,0.0214,0.0247,0.0279,0.0296,0.0258,0.0386,0.0466,0.0335,0.0295,0.0289,0.039,0.0653,0.04,0.0291,0.0292,0.0148,0.0116,0.0016,0.0056,0.001433333,0.416666667
19761228,0.004,0.1035,0.0888,0.0932,0.1056,0.0954,0.0851,0.0871,0.0891,0.0892,0.1069,0.054,0.0912,0.0831,0.0786,0.0818,0.0568,0.0665,0.071,0.0907,0.091,0.0576,0.0616,0.057566667,0.403333333
19770128,0.0036,0.0258,0.0394,0.0229,0.0408,0.0544,-0.0054,0.0179,0.0012,0.0152,0.0302,-0.0257,-0.0045,0.0069,0.0071,0.0006,-0.0452,-0.0302,-0.0287,-0.0019,0.0139,-0.0399,-0.0363,-0.040166667,0.386666667
19770228,0.0035,-0.0072,-0.0075,-0.008,-0.0074,0.0007,-0.0201,-0.0134,-0.007,-0.0028,-0.0202,-0.0448,-0.0116,-0.027,-0.0003,-0.0347,-0.0335,-0.0203,-0.0229,-0.0227,-0.024,-0.0193,-0.0158,-0.0195,0.37
19770328,0.0038,-0.0025,-0.001,0.0107,0.0109,0.0091,-0.0004,-0.0091,0.0116,-0.005,-0.0119,-0.0043,0.0096,-0.0072,-0.0013,-0.0001,-0.0224,-0.0011,0.0067,0.0018,0.0469,-0.013,-0.0092,-0.012833333,0.363333333
19770428,0.0038,0.0101,-0.0009,0.014,0.0221,0.0215,0.0084,0.0132,0.0094,0.0184,0.0252,0.001,0.0043,0.0152,0.0223,0.0215,-0.0108,0.0182,0.0238,0.027,0.024,0.0012,0.005,0.0013,0.37
19770528,0.0037,-0.019,-0.0082,0.0007,-0.0015,0.0091,0.0054,-0.0131,-0.007,0.005,-0.0194,-0.0104,-0.0032,0.0034,0.0035,-0.0029,-0.0083,-0.0139,-0.0042,-0.0162,-0.0149,-0.0145,-0.0108,-0.014566667,0.376666667
19770628,0.004,0.0542,0.0616,0.0659,0.0513,0.0686,0.0817,0.0613,0.0588,0.0512,0.0925,0.0854,0.0577,0.0569,0.0419,0.0601,0.0604,0.0453,0.0451,0.044,0.0555,0.0474,0.0514,0.047566667,0.383333333
19770728,0.0042,0.0071,0.0034,0.0074,0.0019,0.0079,-0.0154,-0.0034,-0.0117,0.0024,-0.0007,-0.0038,-0.0059,-0.0173,-0.0158,-0.0118,-0.015,-0.0359,-0.0115,-0.015,-0.048,-0.017,-0.0128,-0.016766667,0.396666667
19770828,0.0044,0.0049,-0.0045,-0.0107,-0.0177,-0.0214,0.0003,-0.0114,-0.0216,-0.0124,-0.0209,0.0139,-0.0168,-0.0134,-0.0081,-0.0153,-0.0197,-0.0165,-0.0251,-0.0275,-0.0419,-0.0178,-0.0134,-0.0176,0.42
19770928,0.0043,0.0192,0.0162,0.0059,0.0147,0.0089,0.0091,0.0038,0.01,0.0007,-0.0121,0.0149,0.0129,0.0092,-0.0031,-0.0095,0.0058,-0.0016,0.0053,0.0067,-0.0147,-0.0027,0.0016,-0.0027,0.43
19771028,0.0049,-0.0522,-0.0308,-0.0275,-0.0178,-0.026,-0.0576,-0.0291,-0.0432,-0.003,-0.021,-0.0402,-0.0275,-0.0294,-0.0294,-0.0312,-0.0457,-0.0363,-0.0337,-0.046,-0.0537,-0.0442,-0.0393,-0.043833333,0.453333333
19771128,0.005,0.0896,0.0827,0.076,0.0647,0.0846,0.0782,0.0898,0.0828,0.0651,0.0776,0.0621,0.0705,0.0552,0.058,0.0788,0.0667,0.0559,0.0487,0.0675,0.0663,0.0404,0.0454,0.040666667,0.473333333
19771228,0.0049,0.0434,0.032,0.0208,0.0228,0.0124,0.0249,0.012,0.0012,0.0006,0.0186,0.011,0.0023,0.0131,0.0051,-0.0032,-0.0014,0.0038,0.0003,-0.0088,-0.0107,0.0033,0.0082,0.003266667,0.493333333
19780128,0.0049,-0.017,-0.0366,-0.0203,-0.0164,-0.003,-0.0587,-0.0615,-0.0303,-0.0227,-0.0252,-0.0722,-0.0587,-0.0375,-0.0408,-0.0156,-0.0646,-0.068,-0.0595,-0.0505,-0.0219,-0.0601,-0.0552,-0.060133333,0.493333333
19780228,0.0046,0.0281,0.0262,0.0345,0.0273,0.0304,0.0127,0.0119,0.004,0.0177,0.0011,0.0012,0.0106,0.0005,0.0029,0.0068,-0.0182,-0.011,-0.0121,0.0065,-0.0271,-0.0139,-0.0093,-0.0141,0.48
19780328,0.0053,0.0787,0.0686,0.0738,0.0629,0.0751,0.0559,0.0535,0.0693,0.0591,0.0684,0.0502,0.0524,0.0413,0.0408,0.0689,0.0442,0.0425,0.0415,0.0411,0.0428,0.0287,0.034,0.029066667,0.493333333
19780428,0.0054,0.096,0.0819,0.0768,0.0659,0.0788,0.0929,0.0664,0.0783,0.0672,0.0567,0.0934,0.081,0.0697,0.0462,0.0546,0.0803,0.0683,0.049,0.0537,0.0797,0.0775,0.0829,0.0778,0.51
19780528,0.0051,0.078,0.0576,0.0817,0.0583,0.0744,0.0645,0.0656,0.0435,0.0346,0.0468,0.0577,0.0465,0.0491,0.018,0.035,0.043,0.0319,0.0097,0.0165,0.0319,0.0181,0.0232,0.017933333,0.526666667
19780628,0.0054,0.0026,-0.0014,-0.0018,-0.0041,-0.0025,-0.0175,-0.0312,-0.0003,0.0287,-0.0078,-0.0113,-0.0152,0.0027,0.0035,0.0068,-0.0155,-0.0108,-0.0048,-0.0003,-0.0115,-0.0162,-0.0108,-0.0161,0.53
19780728,0.0056,0.0631,0.0552,0.0543,0.042,0.0412,0.0743,0.0458,0.0548,0.0443,0.0777,0.0616,0.044,0.0363,0.0389,0.0313,0.0539,0.053,0.058,0.053,0.0843,0.0511,0.0567,0.051333333,0.536666667
19780828,0.0055,0.0914,0.0878,0.0782,0.0737,0.0963,0.0847,0.0719,0.0884,0.0644,0.0883,0.0751,0.0799,0.0597,0.0434,0.0954,0.0709,0.0573,0.0372,0.0353,0.0261,0.0369,0.0424,0.0369,0.553333333
19780928,0.0062,-0.0174,-0.0018,-0.0257,-0.0072,-0.0041,-0.0238,-0.0226,-0.0229,-0.0007,-0.0241,-0.0381,-0.0159,-0.0182,-0.0097,-0.0151,-0.0394,-0.0276,-0.0009,-0.0054,-0.0155,-0.0131,-0.0069,-0.012666667,0.58
19781028,0.0068,-0.2758,-0.2402,-0.2233,-0.1936,-0.2179,-0.255,-0.1969,-0.1924,-0.1571,-0.1938,-0.1951,-0.1925,-0.1503,-0.151,-0.2,-0.1639,-0.1372,-0.1418,-0.1276,-0.1477,-0.1178,-0.111,-0.117166667,0.62
19781128,0.007,0.0799,0.07,0.0604,0.0374,0.0342,0.1076,0.0452,0.0393,0.0209,0.0509,0.0639,0.0436,0.0363,0.0239,0.0198,0.0379,0.0153,0.0299,0.0077,0.0131,0.0268,0.0338,0.027133333,0.666666667
19781228,0.0078,0.0264,0.0249,0.0153,0.0034,-0.001,0.0222,0.027,0.0067,0.0179,0.0137,0.0226,0.0107,-0.0054,0.0056,0.029,0.0025,0.0092,0.0067,-0.0024,-0.0045,0.0099,0.0177,0.0105,0.72
19790128,0.0077,0.0934,0.0908,0.0748,0.0969,0.1084,0.0777,0.0736,0.0687,0.0645,0.0898,0.0615,0.0589,0.0705,0.0621,0.0896,0.0497,0.0435,0.0538,0.0755,0.0607,0.0418,0.0495,0.042,0.75
19790228,0.0073,-0.0369,-0.0405,-0.0321,-0.0354,-0.0209,-0.0371,-0.0377,-0.0357,-0.0403,-0.0292,-0.055,-0.0253,-0.0312,-0.022,-0.0161,-0.0458,-0.0435,-0.0386,-0.0405,-0.0468,-0.0341,-0.0268,-0.0344,0.76
19790328,0.0081,0.113,0.0863,0.0709,0.0625,0.0758,0.1153,0.0805,0.076,0.0639,0.0747,0.0993,0.0866,0.0591,0.0822,0.1207,0.0692,0.07,0.0624,0.0718,0.0843,0.0575,0.0656,0.0579,0.77
19790428,0.008,0.0234,0.0204,0.0146,0.0218,0.026,0.0071,0.0215,0.0142,0.0205,0.0125,0.0055,0.0046,0.0139,0.0119,0.0329,0.0136,-0.0003,0.008,-0.0059,0.0122,0.0005,0.0085,0.0007,0.78
19790528,0.0082,-0.0351,-0.0175,-0.0243,-0.0168,-0.0197,-0.0324,-0.0255,-0.0102,-0.0107,-0.0179,-0.0433,-0.0371,-0.0099,-0.0034,-0.0302,-0.0109,-0.0233,-0.0237,-0.0134,-0.0195,-0.0218,-0.0136,-0.0217,0.81
19790628,0.0081,0.0521,0.0493,0.0447,0.037,0.0457,0.0628,0.0508,0.0288,0.05,0.0771,0.0285,0.0394,0.0548,0.0527,0.0567,0.0422,0.065,0.0565,0.0708,0.0557,0.0388,0.0469,0.0388,0.81
19790728,0.0077,0.0141,0.0211,0.0227,0.0233,0.0147,0.0127,0.0136,0.0228,0.0409,0.0308,0.025,0.0333,0.0341,0.0199,0.0447,0.007,0.0251,0.0202,0.0163,0.0172,0.0073,0.015,0.007,0.8
19790828,0.0077,0.0789,0.0812,0.0569,0.0618,0.0717,0.0784,0.0778,0.0629,0.0606,0.064,0.0853,0.0727,0.0502,0.0507,0.0571,0.0785,0.0558,0.0586,0.0431,0.0738,0.057,0.0647,0.056866667,0.783333333
19790928,0.0083,-0.0095,-0.0104,-0.0234,-0.0135,-0.0182,-0.0009,-0.0007,-0.0346,-0.0232,-0.0276,0.0059,-0.0088,-0.0212,-0.0396,-0.0239,-0.0097,-0.0119,-0.0067,-0.0272,-0.0236,-0.0069,0.0014,-0.0065,0.79
19791028,0.0087,-0.1192,-0.1061,-0.1224,-0.1028,-0.1253,-0.1006,-0.1084,-0.1242,-0.1277,-0.121,-0.0898,-0.092,-0.1125,-0.0853,-0.132,-0.0837,-0.0893,-0.0902,-0.1108,-0.1137,-0.0813,-0.0726,-0.080833333,0.823333333
19791128,0.0099,0.1,0.0734,0.0563,0.0395,0.0549,0.0994,0.0701,0.057,0.0644,0.0627,0.1078,0.063,0.0564,0.0579,0.0433,0.0905,0.0584,0.0669,0.0486,0.0526,0.0537,0.0636,0.054633333,0.896666667
19791228,0.0095,0.1058,0.0694,0.0533,0.0573,0.0422,0.075,0.0529,0.0464,0.0259,0.0391,0.0469,0.0242,0.017,0.0142,0.0705,0.0384,0.0284,0.0133,0.0107,0.0337,0.0187,0.0282,0.018833333,0.936666667
19800128,0.008,0.1197,0.0878,0.0814,0.0776,0.0977,0.0599,0.0666,0.0534,0.0403,0.0785,0.0462,0.0572,0.0613,0.0518,0.0808,0.0691,0.0524,0.0546,0.0021,0.0724,0.0576,0.0656,0.056466667,0.913333333
19800228,0.0089,-0.0032,-0.0131,-0.0292,-0.0318,-0.0295,-0.0228,-0.0115,-0.038,-0.0497,-0.0228,-0.0179,-0.0434,-0.0518,-0.0495,-0.0356,-0.0313,-0.0276,-0.0367,-0.0574,-0.0199,-0.0079,0.001,-0.0078,0.88
19800328,0.0121,-0.2328,-0.2031,-0.1862,-0.1627,-0.1864,-0.2042,-0.1752,-0.1799,-0.1587,-0.1852,-0.17,-0.1642,-0.1762,-0.1418,-0.1994,-0.1342,-0.1521,-0.142,-0.1238,-0.1837,-0.1323,-0.1202,-0.129866667,0.966666667
19800428,0.0126,0.0492,0.0512,0.0542,0.0386,0.0471,0.0477,0.0331,0.0516,0.0667,0.0309,0.0569,0.0588,0.0592,0.0724,0.0452,0.0347,0.0553,0.0582,0.0767,0.0594,0.0397,0.0523,0.0411,1.12
19800528,0.0081,0.0643,0.055,0.0628,0.0562,0.0684,0.0804,0.0939,0.0613,0.07,0.0916,0.0624,0.0614,0.078,0.071,0.0793,0.0677,0.071,0.0829,0.0638,0.0795,0.052,0.0601,0.049166667,1.093333333
19800628,0.0061,0.0441,0.0269,0.0312,0.0375,0.0474,0.0374,0.0595,0.0347,0.0495,0.0142,0.0466,0.0527,0.0319,0.039,0.0202,0.0538,0.0301,0.0412,0.0263,0.0434,0.0316,0.0377,0.028766667,0.893333333
19800728,0.0053,0.1152,0.1206,0.0976,0.079,0.0861,0.1374,0.1073,0.094,0.0778,0.07,0.1263,0.0779,0.0914,0.0513,0.0512,0.1072,0.0913,0.0741,0.0279,0.0381,0.0641,0.0694,0.0629,0.65
19800828,0.0064,0.1062,0.0815,0.0638,0.0668,0.0448,0.0769,0.0662,0.0352,0.022,0.0314,0.0609,0.0576,0.0186,0.0113,0.0024,0.0364,0.0167,0.0183,-0.0039,0.0046,0.0171,0.0235,0.017566667,0.593333333
19800928,0.0075,0.0575,0.0208,0.019,0.0062,0.0219,0.0382,0.0286,0.0293,0.0022,0.0016,0.0501,0.0148,0.0214,0.0096,-0.0127,0.0524,0.0318,0.0147,-0.0043,-0.0039,0.022,0.0295,0.0231,0.64
19801028,0.0095,0.067,0.0453,0.0331,0.0266,0.0128,0.0576,0.012,-0.0034,0.0258,0.0011,0.0172,0.0126,0.0211,0.0073,0.01,0.0135,0.0206,-0.0164,-0.0222,-0.0114,0.0105,0.02,0.0122,0.78
19801128,0.0096,0.1528,0.0532,0.0501,-0.0022,0.0072,0.1275,0.0624,0.0367,0.0551,0.0197,0.105,0.0629,0.0158,0.0222,0.0073,0.1183,0.1385,0.0344,0.0212,-0.004,0.0953,0.1049,0.096033333,0.886666667
19801228,0.0131,-0.0746,-0.068,-0.0511,-0.0391,-0.0481,-0.0648,-0.0391,-0.0296,-0.0293,-0.0174,-0.0517,-0.0448,-0.0186,-0.0242,-0.0165,-0.048,-0.0571,-0.0231,-0.0093,-0.0166,-0.0475,-0.0344,-0.045133333,1.073333333
19810128,0.0104,-0.0547,-0.0127,0.006,0.0111,0.0216,-0.0601,-0.0141,-0.0083,0.0088,0.0201,-0.0533,-0.0248,-0.0194,0.0015,0.0196,-0.0784,-0.0445,-0.0181,-0.0029,0.0014,-0.0505,-0.0401,-0.051133333,1.103333333
19810228,0.0107,-0.0432,-0.0102,0.0004,0.01,0.0141,-0.015,0.0053,0.0125,0.0254,0.0294,0.0119,0.013,0.0261,-0.0054,0.0012,0.0034,0.0169,0.0334,0.0062,0.0263,0.0048,0.0155,0.0041,1.14
19810328,0.0121,0.0611,0.0798,0.076,0.0775,0.0601,0.0684,0.0694,0.0637,0.0625,0.0637,0.0645,0.063,0.0638,0.0815,0.0554,0.078,0.0466,0.0766,0.0624,0.0662,0.0341,0.0462,0.035133333,1.106666667
19810428,0.0108,0.0198,0.0352,0.0258,0.0363,0.0443,0.005,0.0269,0.0233,0.0288,0.0282,0.0097,0.0236,0.002,0.0009,0.0207,-0.0102,-0.0155,-0.0089,-0.0083,0.0039,-0.022,-0.0112,-0.0224,1.12
19810528,0.0115,0.0379,0.0382,0.0289,0.0147,0.0161,0.0514,0.0084,0.0175,-0.0057,0.0104,0.0098,0.0242,0.0169,0.0048,0.0353,0.0226,0.0097,0.0072,-0.0028,0.0152,0.002,0.0135,0.002033333,1.146666667
19810628,0.0135,-0.0853,-0.0155,0.0016,0.0141,-0.0017,-0.0843,-0.021,-0.0168,-0.0159,0.0057,-0.0637,-0.0163,-0.0146,0.0074,-0.0245,-0.0646,-0.0348,-0.003,0.013,-0.0126,-0.0237,-0.0102,-0.022133333,1.193333333
19810728,0.0124,-0.0588,-0.0461,-0.0397,-0.0338,-0.035,-0.0364,-0.0481,-0.0201,-0.0265,-0.0314,-0.0257,-0.0322,-0.0413,-0.0435,-0.0156,0.0077,-0.0209,-0.0359,-0.0359,-0.0436,-0.0155,-0.0031,-0.015566667,1.246666667
19810828,0.0128,-0.1397,-0.0975,-0.0851,-0.0698,-0.0625,-0.1165,-0.0941,-0.0652,-0.0612,-0.0695,-0.0985,-0.0732,-0.0666,-0.071,-0.047,-0.0816,-0.0735,-0.0512,-0.0658,-0.0474,-0.0691,-0.0563,-0.0692,1.29
19810928,0.0124,-0.1466,-0.0964,-0.0859,-0.0756,-0.0764,-0.1151,-0.08,-0.0775,-0.0439,-0.0695,-0.1056,-0.0703,-0.0754,-0.0279,-0.0501,-0.1036,-0.0932,-0.0769,-0.0496,-0.0569,-0.0761,-0.0637,-0.076233333,1.253333333
19811028,0.0121,0.0919,0.0693,0.0708,0.0569,0.037,0.0971,0.053,0.0575,0.0604,0.053,0.0983,0.0372,0.0607,0.0361,0.0325,0.0877,0.0629,0.0393,0.0287,0.0244,0.0481,0.0602,0.047766667,1.243333333
19811128,0.0107,-0.0241,0.0127,0.0275,0.0169,0.0294,0.0035,0.0403,0.0372,0.0508,0.0449,-0.004,0.0158,0.0302,0.0203,0.045,0.025,0.0362,0.0143,0.0642,0.038,0.0351,0.0458,0.034066667,1.173333333
19811228,0.0087,-0.0484,-0.0292,-0.015,-0.012,-0.0195,-0.0263,-0.0131,-0.0267,-0.0317,-0.0264,-0.0274,-0.0297,-0.0176,-0.0219,-0.0402,-0.0434,-0.0317,-0.0262,-0.0308,-0.0311,-0.0368,-0.0281,-0.0386,1.05
19820128,0.008,-0.0373,-0.0128,-0.0264,-0.0236,-0.0096,-0.0628,-0.0422,-0.0419,-0.0452,-0.0021,-0.0694,-0.0386,-0.0578,-0.0258,0.0059,-0.0759,-0.0496,-0.0472,-0.025,-0.0224,-0.0342,-0.0262,-0.035333333,0.913333333
19820228,0.0092,-0.0867,-0.0496,-0.0394,-0.0361,-0.018,-0.0821,-0.0603,-0.0474,-0.0207,-0.0122,-0.0891,-0.0339,-0.0246,-0.0389,-0.0068,-0.0781,-0.0725,-0.0451,-0.013,-0.0049,-0.0603,-0.0511,-0.059733333,0.863333333
19820328,0.0098,-0.0316,-0.014,-0.0208,-0.0134,-0.0079,-0.0476,-0.0102,-0.0232,0.0086,0.0094,-0.0359,-0.0092,0.0015,-0.0144,0.0199,-0.0385,-0.0279,-0.0102,-0.0085,-0.0024,-0.0199,-0.0101,-0.0191,0.9
19820428,0.0113,0.0517,0.0479,0.0425,0.0385,0.0331,0.0553,0.0571,0.0476,0.0345,0.0288,0.0517,0.0454,0.0332,0.0438,0.0364,0.0517,0.0429,0.0321,0.0265,0.0417,0.032,0.0433,0.0332,1.01
19820528,0.0106,-0.0409,-0.027,-0.0106,-0.0196,-0.0171,-0.0505,-0.0465,-0.0417,-0.0262,-0.0325,-0.0464,-0.0311,-0.0428,-0.0209,-0.0222,-0.0576,-0.0555,-0.0496,-0.0486,-0.0371,-0.0388,-0.0282,-0.038766667,1.056666667
19820628,0.0096,-0.0535,-0.0407,-0.035,-0.0206,-0.0225,-0.0529,-0.0207,-0.0239,-0.0161,-0.0215,-0.0478,-0.0174,-0.0135,-0.0335,-0.0282,-0.0505,-0.0406,-0.0174,-0.0227,-0.0062,-0.0335,-0.0239,-0.0344,1.05
19820728,0.0105,-0.0487,-0.0356,-0.0054,-0.019,-0.0149,-0.043,0.0026,-0.0113,-0.0119,-0.0201,-0.0291,-0.0173,-0.0309,-0.0413,-0.0296,-0.0287,-0.0532,-0.0365,-0.0435,-0.036,-0.031,-0.0205,-0.030733333,1.023333333
19820828,0.0076,0.0402,0.0641,0.0594,0.044,0.0491,0.0708,0.0752,0.0912,0.0706,0.0757,0.1015,0.1007,0.1132,0.1059,0.101,0.1107,0.1175,0.1015,0.118,0.1286,0.1114,0.119,0.109766667,0.923333333
19820928,0.0051,0.0179,0.0202,0.0533,0.034,0.0383,0.0218,0.0179,0.0449,0.05,0.0527,0.0282,0.0483,0.0384,0.0386,0.0155,0.0201,0.0144,0.075,0.0194,0.0023,0.0117,0.0168,0.009066667,0.773333333
19821028,0.0059,0.1707,0.1304,0.123,0.1244,0.1102,0.1655,0.1184,0.1267,0.097,0.1038,0.1441,0.1306,0.1167,0.1282,0.1239,0.1497,0.1417,0.12,0.1214,0.1134,0.1127,0.1186,0.1124,0.62
19821128,0.0063,0.0856,0.0962,0.1082,0.0995,0.0978,0.0914,0.0826,0.0741,0.071,0.0825,0.0984,0.0814,0.062,0.0446,0.0795,0.0674,0.0604,0.0371,0.0476,0.0623,0.0456,0.0519,0.046133333,0.576666667
19821228,0.0067,0.0191,0.0158,0.0121,0.0147,0.0177,-0.0104,0.0188,0.0039,-0.0043,0.0054,-0.0033,0,-0.014,-0.0024,0.0154,0.0019,-0.0014,0.0151,-0.003,0.019,0.0078,0.0145,0.0082,0.63
19830128,0.0069,0.1286,0.076,0.0814,0.0801,0.0629,0.0713,0.075,0.0266,0.04,0.0409,0.0599,0.0236,0.0366,0.0259,0.0295,0.042,0.0245,0.0229,0.0174,0.0116,0.0346,0.0415,0.034866667,0.663333333
19830228,0.0062,0.0245,0.0415,0.0697,0.0711,0.0833,0.0455,0.0441,0.0728,0.0531,0.0476,0.0446,0.0414,0.0478,0.0384,0.046,0.0423,0.0194,0.0234,0.0275,0.0452,0.0243,0.0305,0.0239,0.66
19830328,0.0063,0.0223,0.0501,0.0587,0.0398,0.0682,0.013,0.0304,0.0613,0.0622,0.0399,0.0142,0.0584,0.0403,0.0686,0.0409,0,0.0209,0.0351,0.0493,0.0448,0.0284,0.0347,0.028233333,0.646666667
19830428,0.0071,0.0648,0.0683,0.0803,0.0866,0.0834,0.0723,0.0777,0.0788,0.0708,0.067,0.0567,0.0644,0.0618,0.0591,0.0585,0.0425,0.0496,0.0736,0.061,0.0645,0.0672,0.0743,0.067766667,0.653333333
19830528,0.0069,0.1131,0.0967,0.0774,0.0738,0.0728,0.0477,0.0563,0.0455,0.0226,0.0488,0.0505,0.0456,0.0218,0.0153,0.0057,0.0419,0.0522,0.0349,0.0125,0.005,0.0062,0.0131,0.006333333,0.676666667
19830628,0.0067,0.0387,0.0612,0.0272,0.0268,0.0344,0.0613,0.0457,0.0087,0.0236,0.0305,0.0414,0.0478,0.0403,0.0117,0.0046,0.0556,0.0399,0.0312,-0.019,0.0052,0.0313,0.038,0.0311,0.69
19830728,0.0074,-0.0684,-0.0288,-0.0166,0.0008,0,-0.0791,-0.0501,-0.0174,0.0107,0.0022,-0.0696,-0.0381,0.0195,0.0031,-0.0005,-0.053,-0.0411,-0.0471,-0.0172,-0.0144,-0.0391,-0.0317,-0.0387,0.7
19830828,0.0076,-0.0684,-0.0458,-0.0301,-0.0438,-0.0186,-0.0603,-0.0437,-0.0334,-0.0201,-0.0009,-0.0449,-0.0492,-0.0235,-0.0167,0.0144,-0.0358,-0.025,-0.0041,0.0186,0.0324,-0.004,0.0036,-0.003633333,0.723333333
19830928,0.0076,-0.0383,-0.0058,-0.0035,0.0091,0.0078,0.004,0.0074,0.0331,0.0414,0.0288,0.0116,0.0282,0.0214,0.0431,0.0612,0.026,0.0139,0.0242,0.0169,0.0052,0.0087,0.0163,0.008766667,0.753333333
19831028,0.0076,-0.111,-0.0687,-0.0612,-0.0428,-0.0361,-0.1071,-0.0826,-0.0462,-0.0282,-0.0385,-0.0902,-0.0552,-0.0377,-0.0131,-0.0238,-0.0782,-0.0357,-0.0266,-0.0266,-0.0121,-0.0353,-0.0277,-0.0353,0.76
19831128,0.007,0.0302,0.0296,0.0277,0.021,0.034,0.0508,0.0462,0.0397,0.0469,0.0427,0.0555,0.0356,0.041,0.0344,0.0335,0.0505,0.0177,0.0374,0.0387,0.0302,0.0223,0.0293,0.0219,0.74
19831228,0.0073,-0.0602,-0.0176,-0.0134,-0.01,0.0013,-0.038,-0.0206,-0.006,-0.0078,-0.0054,-0.0391,-0.0179,-0.0088,-0.0194,0.008,-0.0399,-0.0152,-0.0331,-0.0202,-0.0137,-0.0177,-0.0104,-0.0177,0.73
19840128,0.0076,-0.0262,-0.0187,-0.0047,0.0037,0.0246,-0.0696,-0.0203,-0.0128,-0.0065,0.0302,-0.0785,-0.0507,-0.0286,-0.007,-0.0089,-0.0832,-0.0431,-0.0275,-0.0127,-0.0044,-0.0205,-0.0129,-0.0202,0.73
19840228,0.0071,-0.0817,-0.0767,-0.0605,-0.0498,-0.0523,-0.0773,-0.0664,-0.0454,-0.0395,-0.0429,-0.0754,-0.0779,-0.0546,-0.0531,-0.0338,-0.0648,-0.0639,-0.0688,-0.0382,-0.054,-0.0463,-0.0392,-0.046533333,0.733333333
19840328,0.0073,-0.0167,0.008,-0.0014,0.0096,0.0137,-0.0109,0.0053,0.0016,0.0065,0.0142,-0.0001,0.003,0.0167,0.0036,0.0257,-0.0017,0.0025,0.0196,0.0095,0.0343,0.0062,0.0135,0.006166667,0.733333333
19840428,0.0081,-0.0479,-0.0255,-0.014,-0.0078,-0.0172,-0.0201,0.0064,-0.0014,-0.0084,-0.0173,-0.0091,0.0051,-0.0095,-0.0208,-0.0071,-0.0228,-0.0123,-0.0141,-0.0304,-0.0258,-0.0054,0.0027,-0.0048,0.75
19840528,0.0078,-0.0677,-0.0535,-0.0574,-0.0421,-0.0427,-0.0684,-0.0594,-0.0581,-0.0471,-0.0467,-0.0687,-0.0599,-0.0647,-0.0465,-0.0762,-0.0468,-0.0521,-0.0636,-0.0611,-0.0829,-0.0602,-0.0524,-0.060133333,0.773333333
19840628,0.0075,0.007,0.0265,0.014,0.0082,0.005,0.0324,0.0384,0.011,0.0212,0.0035,0.0568,0.041,0.0027,0.0109,-0.0096,0.0528,0.0373,0.0077,0.0088,0.0175,0.0161,0.0236,0.0158,0.78
19840728,0.0082,-0.0814,-0.0591,-0.053,-0.0261,-0.0309,-0.0602,-0.0643,-0.0214,-0.0462,-0.0452,-0.0421,-0.0432,-0.0375,-0.0394,-0.0225,-0.0425,-0.06,-0.0342,-0.057,-0.0131,-0.0286,-0.0204,-0.028233333,0.783333333
19840828,0.0083,0.1067,0.1078,0.0794,0.0611,0.0775,0.151,0.0978,0.0867,0.0882,0.0923,0.1426,0.1212,0.1007,0.1112,0.0872,0.1185,0.1274,0.1127,0.1078,0.0937,0.1043,0.1126,0.1046,0.8
19840928,0.0086,-0.0341,-0.0232,-0.0037,0.0032,0.0158,-0.063,-0.0067,0.0127,0.006,0.0249,-0.0474,0.0094,0.009,0.0099,0.0263,-0.0235,-0.0269,0.0021,0.0062,0.0357,-0.0082,0.0004,-0.007966667,0.836666667
19841028,0.01,-0.0479,-0.0241,-0.0306,-0.024,-0.0195,-0.0393,-0.0278,-0.0109,-0.0006,0.0004,-0.0267,-0.017,0.0047,-0.026,0.0036,-0.0139,-0.01,-0.0043,-0.0105,0.006,-0.0099,1E-04,-0.008866667,0.896666667
19841128,0.0073,-0.0649,-0.0475,-0.0203,-0.0204,-0.0191,-0.0647,-0.0279,-0.0108,-0.0095,0.0064,-0.0475,-0.0025,0.0057,0.0061,0.0122,-0.041,-0.0139,-0.0191,0.0008,0.0112,-0.0179,-0.0106,-0.019233333,0.863333333
19841228,0.0064,-0.0015,0.002,0.0039,-0.0017,0.0022,0.0129,0.0157,0.0117,0.0192,0.022,0.0376,0.022,0.0099,0.0078,0.0144,0.0255,0.0151,0.0141,0.0221,0.0277,0.0174,0.0238,0.0159,0.79
19850128,0.0065,0.1516,0.1389,0.0995,0.0932,0.0799,0.1533,0.1199,0.0835,0.0914,0.0789,0.1301,0.0979,0.0889,0.0832,0.0715,0.1161,0.124,0.0729,0.0758,0.0579,0.0792,0.0857,0.078966667,0.673333333
19850228,0.0058,0.0313,0.0438,0.0277,0.0228,0.0308,0.024,0.025,0.0198,0.0116,0.0076,0.0136,0.0065,0.0053,0.0133,-0.0123,0.0215,-0.016,0.0138,0.0151,0.0126,0.0112,0.017,0.010766667,0.623333333
19850328,0.0062,-0.0337,-0.0354,-0.0196,-0.0194,-0.0081,-0.052,-0.0413,-0.0146,-0.0023,0.0259,-0.0487,-0.0173,-0.0274,0.0006,0.0311,-0.0331,-0.0312,-0.0044,0.0019,0.0378,-0.0081,-0.0019,-0.008066667,0.616666667
19850428,0.0072,-0.0291,-0.0261,-0.0047,-0.0023,-0.0025,-0.039,-0.0188,-0.0094,0.0149,0.004,-0.0202,-0.0201,-0.0113,0.0177,0.0034,-0.0185,-0.0386,-0.0067,0.0039,0.004,-0.0094,-0.0022,-0.0086,0.64
19850528,0.0066,0.018,0.032,0.0319,0.0215,0.0052,0.0338,0.0329,0.0242,0.0485,0.0251,0.0547,0.0494,0.0265,0.0394,0.0302,0.0618,0.0491,0.0496,0.0349,0.0541,0.0493,0.0559,0.049233333,0.666666667
19850628,0.0055,-0.0003,-0.0008,0.0045,0.0086,0.0147,0.0018,0.0182,0.0226,0.0236,0.0339,0.0212,0.0111,0.0362,0.0215,0.0285,0.0129,0.0105,0.0144,0.0313,0.0032,0.0117,0.0172,0.010766667,0.643333333
19850728,0.0062,0.0175,0.0242,0.0185,0.0071,0.0177,0.0257,0.0299,0.044,-0.0067,-0.0036,0.0054,0.0212,0.0086,-0.0016,0.0196,-0.0091,-0.0033,0.0051,-0.0263,0.0046,-0.0067,-0.0005,-0.0066,0.61
19850828,0.0055,-0.0215,-0.0154,-0.012,-0.0037,-0.0167,-0.0249,-0.0163,0.0028,-0.0022,-0.0037,-0.0293,-0.0141,-0.0039,-0.008,-0.0041,-0.0238,-0.0088,0.0051,-0.0096,-0.0036,-0.0103,-0.0048,-0.010533333,0.573333333
19850928,0.006,-0.0864,-0.0651,-0.0548,-0.0463,-0.0457,-0.0807,-0.0689,-0.0389,-0.0414,-0.0663,-0.0734,-0.0498,-0.0385,-0.0429,-0.0412,-0.0569,-0.0467,-0.0528,-0.0659,-0.0543,-0.0457,-0.0397,-0.0456,0.59
19851028,0.0065,0.0003,0.0098,0.0319,0.0244,0.0091,0.0307,0.0303,0.0368,0.0506,0.0184,0.0334,0.0366,0.0378,0.0197,0.022,0.0494,0.0469,0.0338,0.0501,0.044,0.0381,0.0446,0.0386,0.6
19851128,0.0061,0.0485,0.0581,0.0589,0.0446,0.0389,0.0859,0.0652,0.0742,0.0623,0.0612,0.07,0.067,0.0511,0.0596,0.0581,0.0825,0.0608,0.0742,0.0551,0.055,0.0632,0.0693,0.0631,0.62
19851228,0.0065,0.03,0.046,0.0347,0.0336,0.0294,0.0445,0.0381,0.0444,0.0339,0.0011,0.0494,0.0385,0.0197,0.0206,0.0436,0.0281,0.0386,0.022,0.0439,0.0489,0.0366,0.0431,0.036733333,0.636666667
19860128,0.0056,0.0338,0.0144,0.017,0.0156,0.0236,0.0039,0.0171,0.0041,-0.0054,0.0225,0.0136,0.0214,0.0091,0.0169,0.0216,0.0076,-0.0004,0.0097,0.0242,0.0308,0.0043,0.0099,0.003833333,0.606666667
19860228,0.0053,0.0538,0.059,0.057,0.0774,0.0467,0.0721,0.0627,0.0625,0.0885,0.0499,0.0623,0.0887,0.0754,0.0653,0.0581,0.0736,0.0884,0.063,0.0686,0.0751,0.0675,0.0728,0.067,0.58
19860328,0.006,0.042,0.0491,0.0448,0.0406,0.0549,0.0312,0.0467,0.0511,0.0397,0.0606,0.0429,0.0666,0.0481,0.05,0.0444,0.0493,0.0455,0.0565,0.0386,0.0495,0.0479,0.0539,0.048266667,0.563333333
19860428,0.0052,0.0219,0.0165,0.0111,-0.0037,0.0002,0.0158,0.0146,-0.0042,0.0031,-0.0222,0.0166,0.018,0.0054,0.0036,-0.0195,0.017,-0.0098,-0.0215,-0.0295,-0.0534,-0.0132,-0.008,-0.0135,0.55
19860528,0.0049,0.0376,0.0275,0.0373,0.0327,0.0336,0.0296,0.0193,0.0502,0.0374,0.0247,0.0571,0.0376,0.055,0.051,0.0305,0.0573,0.0343,0.0511,0.0399,0.0435,0.0459,0.0508,0.045433333,0.536666667
19860628,0.0052,-0.003,-0.0204,-0.0056,0.0045,0.0182,0.0012,-0.0056,0.0207,0.0124,0.0172,0.0063,-0.0136,0.0173,0.0003,0.0172,0.0116,0.0035,-0.0051,0.036,0.0061,0.0091,0.0143,0.0092,0.51
19860728,0.0052,-0.1062,-0.0948,-0.0842,-0.0709,-0.0871,-0.1184,-0.1069,-0.0935,-0.048,-0.0797,-0.1034,-0.0857,-0.087,-0.0635,-0.0623,-0.092,-0.0786,-0.0753,-0.0502,-0.0502,-0.0649,-0.0597,-0.0648,0.51
19860828,0.0046,-0.0014,0.0004,0.0157,0.0145,0.0125,0.0191,0.035,0.0402,0.0427,0.0505,0.0388,0.0348,0.0506,0.0679,0.0829,0.041,0.0588,0.0684,0.0997,0.0915,0.0618,0.0664,0.0614,0.5
19860928,0.0045,-0.0856,-0.069,-0.0569,-0.0532,-0.0315,-0.0922,-0.0652,-0.0537,-0.0297,-0.0644,-0.0847,-0.0799,-0.0546,-0.0528,-0.0552,-0.1003,-0.0621,-0.0785,-0.071,-0.067,-0.0836,-0.0791,-0.083866667,0.476666667
19861028,0.0046,0.015,0.0217,0.0186,0.0245,0.006,0.0601,0.0356,0.0296,0.0329,0.0044,0.0528,0.0207,0.0074,0.0186,0.0152,0.0527,0.0526,0.0453,0.0539,0.0385,0.0448,0.0494,0.044833333,0.456666667
19861128,0.0039,-0.0267,-0.0034,0.0015,0.0002,0.0034,-0.0008,0.0025,-0.0084,-0.0245,-0.0069,-0.0028,0.0008,-0.0149,0.0089,-0.008,0.004,0.0116,0.0108,-0.0132,0.0053,0.0113,0.0152,0.010866667,0.433333333
19861228,0.0049,-0.0611,-0.0237,-0.0427,-0.0211,-0.0367,-0.0354,-0.0234,-0.0394,-0.0362,-0.0023,-0.0308,-0.0232,-0.0404,-0.0226,-0.0141,-0.0475,-0.0352,-0.0328,-0.0244,-0.0402,-0.0314,-0.0265,-0.030966667,0.446666667
19870128,0.0042,0.1044,0.0912,0.1099,0.0955,0.0895,0.1323,0.115,0.1011,0.0996,0.0972,0.1343,0.1331,0.0839,0.1009,0.0963,0.1366,0.1209,0.0998,0.1309,0.1102,0.1242,0.1284,0.124066667,0.433333333
19870228,0.0043,0.1011,0.081,0.0665,0.067,0.061,0.0921,0.0855,0.0621,0.0516,0.0542,0.0836,0.078,0.047,0.039,0.039,0.068,0.0611,0.0633,0.0378,0.0172,0.0433,0.0476,0.043133333,0.446666667
19870328,0.0047,0.0119,0.0295,0.0205,0.0293,0.0412,0.0048,0.0268,0.0104,0.0231,0.0272,-0.0025,0.0106,0.0096,0.0207,0.0334,0.0133,0.0119,0.0121,0.0179,-0.0148,0.0185,0.0232,0.0188,0.44
19870428,0.0044,-0.0265,-0.0322,-0.0245,-0.0115,-0.0153,-0.0441,-0.0277,-0.0339,-0.0438,-0.0487,-0.0259,-0.0241,-0.0485,-0.0265,-0.0359,-0.0425,-0.0278,-0.0311,-0.0162,-0.0244,-0.0215,-0.0171,-0.021566667,0.446666667
19870528,0.0038,-0.0057,-0.0201,-0.0021,0.0028,0.027,-0.0157,-0.0065,-0.0036,-0.0024,0.0023,0.0047,-0.0062,-0.016,0.0003,-0.0018,0.0153,0.0061,-0.0075,-0.0126,0.0009,0.0014,0.0052,0.0009,0.43
19870628,0.0048,-0.0072,0.0132,0.0215,0.0141,0.0362,0.0131,0.0249,0.0352,0.0261,0.0337,0.0152,0.0206,0.0512,0.0425,0.0294,0.042,0.026,0.0384,0.0296,0.0322,0.039,0.0438,0.039466667,0.433333333
19870728,0.0046,0.0134,0.0152,0.017,0.0223,0.0493,0.0183,0.0146,0.0294,0.0312,0.052,0.0172,0.0411,0.0374,0.0314,0.0764,0.0329,0.0428,0.0449,0.0378,0.0466,0.0395,0.0441,0.0397,0.44
19870828,0.0047,0.0018,0.0186,0.0233,0.0201,0.0018,0.0226,0.0298,0.0353,0.0225,0.0351,0.0317,0.0309,0.0378,0.0331,-0.0002,0.0427,0.0359,0.0289,0.0319,0.0137,0.0325,0.0372,0.0325,0.47
19870928,0.0045,-0.032,-0.0095,-0.0126,-0.0103,-0.0166,-0.0254,-0.0276,-0.0133,-0.0112,-0.0295,-0.0386,-0.0278,-0.0243,-0.0344,-0.0087,-0.0263,-0.0176,-0.0294,-0.0211,-0.001,-0.0252,-0.0207,-0.0253,0.46
19871028,0.006,-0.3462,-0.3124,-0.2891,-0.2895,-0.2894,-0.3315,-0.3215,-0.2825,-0.2679,-0.2937,-0.2988,-0.2958,-0.2523,-0.2324,-0.2749,-0.2582,-0.2953,-0.2583,-0.1778,-0.2432,-0.2309,-0.2249,-0.229966667,0.506666667
19871128,0.0035,-0.0896,-0.0522,-0.0522,-0.0495,-0.0372,-0.0747,-0.0524,-0.0422,-0.0363,-0.0338,-0.0787,-0.027,-0.031,-0.0356,-0.0392,-0.0655,-0.0593,-0.0648,-0.0446,-0.0221,-0.0764,-0.0729,-0.077566667,0.466666667
19871228,0.0039,0.0238,0.0454,0.0539,0.0446,0.0287,0.1128,0.0936,0.071,0.056,0.0469,0.1173,0.0924,0.0601,0.0422,0.062,0.121,0.1044,0.0882,0.0372,0.0285,0.0665,0.0704,0.065933333,0.446666667
19880128,0.0029,0.0542,0.0696,0.0401,0.0504,0.0609,0.0159,0.0263,0.0486,0.0386,0.0659,0.0138,0.031,0.0374,0.0753,0.0635,-0.0004,0.0417,0.0403,0.0579,0.0599,0.0424,0.0453,0.041866667,0.343333333
19880228,0.0046,0.0552,0.0712,0.0712,0.0686,0.0701,0.0797,0.1139,0.0855,0.0724,0.0735,0.0815,0.0764,0.062,0.0639,0.0664,0.0804,0.0888,0.0604,0.0436,0.057,0.047,0.0516,0.0478,0.38
19880328,0.0044,0.0349,0.0552,0.0521,0.0467,0.0456,0.0189,0.0661,0.0315,0.0296,0.0408,0.0234,0.0069,0.0078,-0.0057,0.0078,-0.0141,0.0043,-0.005,-0.0083,0.0395,-0.0215,-0.0171,-0.021066667,0.396666667
19880428,0.0046,0.0057,0.0081,0.0194,0.006,0.033,0.0171,0.0373,0.0257,0.0122,0.0196,-0.0123,-0.0034,0.014,0.0004,0.0194,-0.0049,0.0034,0.008,-0.0106,-0.0009,0.0064,0.011,0.006466667,0.453333333
19880528,0.0051,-0.0409,-0.0263,-0.0118,-0.0247,-0.0137,-0.0496,-0.0265,-0.0291,-0.0191,-0.0145,-0.0123,-0.0239,-0.0159,0.0096,0.0023,-0.0126,-0.0104,-0.0128,0.0203,0.0062,-0.0042,0.0009,-0.0038,0.47
19880628,0.0049,0.0588,0.058,0.0541,0.056,0.0457,0.0676,0.101,0.0774,0.0482,0.0779,0.0614,0.073,0.0605,0.0535,0.0419,0.0676,0.0628,0.0624,0.0313,0.0764,0.0465,0.0514,0.046533333,0.486666667
19880728,0.0051,-0.0144,-0.009,-0.0149,0.0048,-0.0156,-0.0309,-0.0288,-0.0046,0.001,0.0054,-0.0488,-0.0238,-0.0188,-0.0068,-0.0094,-0.0386,-0.0407,-0.0016,-0.0178,-0.0047,-0.0123,-0.0072,-0.012233333,0.503333333
19880828,0.0059,-0.047,-0.0314,-0.0179,-0.0188,-0.0267,-0.0456,-0.0444,-0.0272,-0.0116,-0.0198,-0.0479,-0.0289,-0.0285,-0.0068,-0.0114,-0.046,-0.0377,-0.0123,-0.0059,0.0018,-0.0338,-0.0279,-0.0332,0.53
19880928,0.0062,0.0064,0.0214,0.0222,0.0106,0.0216,0.0205,0.0193,0.0195,0.0217,0.0233,0.0321,0.018,0.0201,0.0096,0.0194,0.042,0.0055,0.0295,0.0145,0.0401,0.0311,0.0373,0.031566667,0.573333333
19881028,0.0061,-0.0354,-0.0239,-0.0166,-0.0294,-0.0168,-0.0316,-0.0145,-0.0025,-0.0071,-0.0116,-0.0204,0.0005,0.0047,0.0002,0.0198,-0.0235,0.0037,-0.0012,0.0045,0.0154,0.0116,0.0177,0.011633333,0.606666667
19881128,0.0057,-0.0544,-0.0527,-0.0395,-0.0366,-0.0488,-0.048,-0.0361,-0.0248,-0.0382,-0.0265,-0.0358,-0.032,-0.0404,-0.0113,-0.0262,-0.0213,-0.0304,-0.0389,-0.0199,-0.0194,-0.0221,-0.0164,-0.0224,0.6
19881228,0.0063,0.0114,0.035,0.027,0.0396,0.0206,0.0449,0.0356,0.0311,0.0418,0.0213,0.0376,0.0301,0.029,0.0152,0.0256,0.0272,0.0241,0.0126,0.0124,-0.0096,0.0145,0.0208,0.014766667,0.603333333
19890128,0.0055,0.0476,0.0529,0.0366,0.0352,0.0511,0.0284,0.0515,0.0409,0.0319,0.0674,0.0416,0.047,0.0458,0.033,0.0453,0.0416,0.0507,0.0509,0.0564,0.072,0.0604,0.0659,0.060066667,0.583333333
19890228,0.0061,-0.0191,-0.0021,0.0007,0.0081,0.0126,0.0044,0.0122,0.0063,0.0007,0.0094,-0.0074,-0.0006,-0.0014,0.005,-0.0059,-0.0094,-0.0061,-0.0127,-0.0051,0.0029,-0.0225,-0.0164,-0.022366667,0.596666667
19890328,0.0067,0.0059,0.0204,0.0365,0.0204,0.0245,0.0104,0.0187,0.0149,0.0132,0.023,0.0144,0.0055,0.0099,0.0242,0.0212,-0.0094,0.0094,0.0207,-0.0018,0.0179,0.0148,0.0215,0.0154,0.61
19890428,0.0067,0.0242,0.025,0.0302,0.0156,0.0223,0.0394,0.0489,0.0406,0.0211,0.0502,0.0452,0.0444,0.0388,0.0331,0.0231,0.0579,0.0458,0.0334,0.0463,0.0376,0.0418,0.0485,0.042,0.65
19890528,0.0079,0.0242,0.0439,0.0127,0.031,0.0259,0.039,0.0244,0.0323,0.0267,0.0298,0.0484,0.0361,0.0313,0.032,0.0309,0.037,0.0206,0.0209,0.0382,0.0502,0.0317,0.0396,0.0325,0.71
19890628,0.0071,-0.0374,-0.0233,-0.0294,-0.0064,-0.0013,-0.055,-0.0255,-0.0119,-0.0144,-0.0223,-0.0385,-0.019,-0.0199,-0.0051,0.0182,-0.0294,-0.0206,-0.0004,0.0101,0.0188,-0.0121,-0.005,-0.012233333,0.723333333
19890728,0.007,0.0204,0.042,0.0157,0.0276,0.0076,0.0493,0.0446,0.0253,0.0297,0.024,0.0468,0.0438,0.0278,0.0396,0.031,0.0774,0.0779,0.0537,0.0531,0.0695,0.0707,0.0777,0.070366667,0.733333333
19890828,0.0074,0.0134,-0.0084,-0.0002,0.019,0.0078,0.0286,0.0205,0.0253,0.0238,0.024,0.0217,0.021,0.0424,0.0256,0.013,0.0298,0.0303,0.022,0.029,0.0075,0.0149,0.0223,0.015133333,0.716666667
19890928,0.0065,0.0066,-0.0109,-0.0125,0.0028,-0.0108,0.0189,-0.0078,0.0003,0.0005,-0.0143,0.0085,-0.0197,-0.0207,-0.0076,-0.0203,-0.0038,-0.0358,-0.0391,-0.0171,-0.0016,-0.0083,-0.0018,-0.008766667,0.696666667
19891028,0.0068,-0.0576,-0.0611,-0.0536,-0.052,-0.0745,-0.0557,-0.0787,-0.0564,-0.0602,-0.0841,-0.0475,-0.064,-0.07,-0.0574,-0.0536,-0.0355,-0.0438,-0.0859,-0.0368,-0.0482,-0.0362,-0.0294,-0.0363,0.69
19891128,0.0069,-0.0128,-0.0053,-0.0121,-0.0075,-0.0194,-0.0044,0.0104,-0.002,0.0099,-0.0158,0.0112,0.0116,-0.0074,0.0013,0.0179,0.0161,0.0148,-0.0013,-0.005,0.0038,0.011,0.0179,0.011166667,0.673333333
19891228,0.0061,-0.0143,-0.0141,-0.0171,-0.0134,-0.0231,0.007,-0.0076,0.0012,0.0022,-0.0014,-0.0053,0.0002,-0.0202,0.0103,-0.0019,0.0199,0.0138,0.0087,0.0099,0.0127,0.0122,0.0183,0.0117,0.66
19900128,0.0057,-0.0873,-0.0818,-0.0525,-0.0719,-0.0654,-0.1,-0.0987,-0.0763,-0.079,-0.0975,-0.1005,-0.0979,-0.0823,-0.0759,-0.0832,-0.0744,-0.0623,-0.0842,-0.0956,-0.1007,-0.0758,-0.0701,-0.076333333,0.623333333
19900228,0.0057,0.0145,0.0145,0.006,0.0288,0.0091,0.028,0.0316,0.024,0.026,0.0188,0.0281,0.0271,0.0129,0.0081,0.0259,0.0102,0.0079,0.0083,0.0106,0.0325,0.0093,0.015,0.009166667,0.583333333
19900328,0.0064,0.0366,0.0215,0.0144,0.0315,0.0072,0.0435,0.0387,0.0401,0.0235,0.0089,0.0428,0.0193,0.0203,0.0078,-0.0074,0.0312,0.0335,0.0132,0.0146,-0.0036,0.0178,0.0242,0.018266667,0.593333333
19900428,0.0069,-0.0329,-0.0304,-0.0252,-0.0306,-0.0415,-0.0476,-0.0433,-0.0272,-0.0337,-0.0647,-0.0311,-0.0287,-0.0366,-0.062,-0.0657,-0.0346,-0.0483,-0.0705,-0.0592,-0.0695,-0.0351,-0.0282,-0.034533333,0.633333333
19900528,0.0068,0.0748,0.0537,0.0536,0.0358,0.0268,0.099,0.0786,0.0483,0.0405,0.0302,0.0858,0.081,0.0603,0.0431,0.0562,0.1046,0.0784,0.0949,0.0655,0.0872,0.0821,0.0889,0.0822,0.67
19900628,0.0063,0.0055,0.0194,0.0192,-0.0014,-0.0085,-0.0044,0.002,-0.0177,-0.0114,-0.0099,0.0145,0.0005,-0.0098,-0.0249,-0.0125,-0.0006,-0.0245,-0.0236,-0.0208,-0.0106,-0.0106,-0.0043,-0.010966667,0.666666667
19900728,0.0068,-0.0526,-0.0573,-0.0376,-0.0387,-0.0489,-0.063,-0.0498,-0.0497,-0.0334,-0.0515,-0.05,-0.022,-0.0395,-0.0555,-0.0434,-0.0288,-0.0248,-0.0406,-0.0239,-0.0379,-0.0162,-0.0094,-0.016033333,0.663333333
19900828,0.0066,-0.1724,-0.1489,-0.1307,-0.1171,-0.1301,-0.152,-0.1432,-0.1319,-0.1087,-0.1194,-0.1425,-0.1426,-0.1138,-0.0957,-0.1039,-0.1012,-0.1201,-0.1109,-0.0898,-0.1175,-0.0983,-0.0917,-0.098266667,0.656666667
19900928,0.006,-0.1116,-0.0991,-0.0834,-0.0763,-0.0918,-0.1113,-0.1023,-0.0903,-0.0713,-0.0852,-0.0961,-0.0762,-0.0727,-0.0892,-0.0887,-0.063,-0.0706,-0.1032,-0.0717,-0.0939,-0.0599,-0.0539,-0.060366667,0.646666667
19901028,0.0068,-0.0714,-0.067,-0.0739,-0.0592,-0.0785,-0.0755,-0.0615,-0.0496,-0.048,-0.0846,-0.0526,-0.0565,-0.0467,-0.0355,-0.0533,-0.0131,-0.0391,-0.0822,-0.0191,-0.0379,-0.0192,-0.0124,-0.018866667,0.646666667
19901128,0.0057,0.0293,0.0433,0.0387,0.0198,0.0045,0.1158,0.0528,0.0654,0.0659,0.0398,0.1028,0.0845,0.0653,0.0718,0.0638,0.0853,0.0746,0.1049,0.0844,0.0682,0.0603,0.066,0.059833333,0.616666667
19901228,0.006,-0.0029,-0.011,-0.001,0.0177,-0.0018,0.0364,0.0472,0.0391,0.0327,0.034,0.0608,0.0393,0.0328,0.03,0.0252,0.0331,0.0352,0.0383,0.037,0.032,0.0235,0.0295,0.023333333,0.616666667
19910128,0.0052,0.0727,0.0669,0.1001,0.0827,0.1055,0.0935,0.0627,0.0675,0.0618,0.0831,0.0891,0.0827,0.0604,0.0755,0.0328,0.0783,0.034,0.076,0.0376,0.054,0.0438,0.049,0.043366667,0.563333333
19910228,0.0048,0.1362,0.1149,0.1264,0.121,0.1136,0.1118,0.0986,0.0962,0.0741,0.1348,0.0908,0.1061,0.074,0.0821,0.0795,0.0831,0.0875,0.0865,0.0707,0.0666,0.0709,0.0757,0.070366667,0.533333333
19910328,0.0044,0.0979,0.0815,0.0747,0.056,0.0741,0.0719,0.0473,0.0498,0.0587,0.0617,0.0724,0.0219,0.0214,0.0444,0.0548,0.0451,0.0352,0.0269,0.0333,0.0267,0.0244,0.0288,0.024,0.48
19910428,0.0053,0.0049,0.0034,0.0077,0.0018,0.0014,-0.0199,0.0046,0.0078,0.0103,0.0098,-0.0327,-0.0104,0.0255,0.0193,0.0109,-0.0143,-0.0038,0.0343,0.0143,-0.0014,-0.0019,0.0034,-0.001433333,0.483333333
19910528,0.0047,0.0195,0.038,0.0415,0.026,0.0276,0.0486,0.025,0.0525,0.0287,0.0309,0.0325,0.0624,0.0427,0.0406,-0.0003,0.0613,0.0224,0.0567,0.0403,0.0515,0.0359,0.0406,0.0358,0.48
19910628,0.0042,-0.0752,-0.0422,-0.0422,-0.0442,-0.0419,-0.055,-0.0561,-0.0371,-0.0324,-0.0614,-0.0497,-0.0485,-0.04,-0.0258,-0.0494,-0.0564,-0.0484,-0.062,-0.0368,-0.02,-0.0484,-0.0442,-0.048933333,0.473333333
19910728,0.0049,0.0215,0.0357,0.0175,0.0289,0.0229,0.0382,0.0292,0.0284,0.0301,0.0161,0.0552,0.0365,0.032,0.0268,0.0645,0.0545,0.0356,0.0141,0.0471,0.0669,0.0419,0.0468,0.0422,0.46
19910828,0.0046,0.0333,0.038,0.0249,0.0099,0.0207,0.0369,0.0312,0.0321,0.0294,0.0291,0.0506,0.0403,0.0218,0.0358,0.0532,0.0114,0.0202,0.0215,0.0239,0.028,0.0223,0.0269,0.022333333,0.456666667
19910928,0.0046,0.0383,0.0205,-0.0001,-0.0066,-0.017,0.0005,0.0049,0.0172,0.0046,-0.0196,-0.0029,-0.0087,-0.0129,0.0003,-0.0409,-0.0076,-0.0217,-0.0154,-0.0033,-0.0154,-0.0157,-0.0111,-0.0158,0.47
19911028,0.0042,0.066,0.0367,0.011,0.0332,0.0112,0.0211,0.0077,0.0272,0.0008,0.0137,0.0236,0.0049,0.0129,0.0227,0.0361,0.0214,-0.0027,0.0134,0.0227,0.033,0.0135,0.0177,0.013233333,0.446666667
19911128,0.0039,-0.0216,-0.0413,-0.0484,-0.0327,-0.0322,-0.0545,-0.0609,-0.0317,-0.0563,-0.0731,-0.0366,-0.0518,-0.0473,-0.0504,-0.0605,-0.0273,-0.0538,-0.0418,-0.0332,-0.0702,-0.0412,-0.0373,-0.041533333,0.423333333
19911228,0.0038,0.0592,0.0384,0.0521,0.0345,0.0461,0.1098,0.066,0.0526,0.0569,0.0779,0.1379,0.1043,0.0682,0.0919,0.1073,0.129,0.0847,0.0954,0.0839,0.1092,0.1032,0.107,0.103033333,0.396666667
19920128,0.0034,0.1412,0.1597,0.0812,0.1359,0.1577,0.0784,0.0433,0.0601,0.0699,0.0938,0.0092,0.0434,0.0494,0.0526,0.093,-0.0056,0.0122,0.0126,0.0011,0.0575,-0.0051,-0.0017,-0.0054,0.37
19920228,0.0028,-0.003,0.0522,0.0259,0.0459,0.0959,0.0014,0.0229,0.0147,0.0437,0.0567,-0.0015,0.0208,0.0351,0.0258,0.0816,-0.0077,0.025,0.0273,0.0204,0.0479,0.0105,0.0133,0.009966667,0.333333333
19920328,0.0034,-0.0697,-0.0594,-0.0278,0.0011,-0.0154,-0.0878,-0.0234,-0.0214,-0.0054,-0.0134,-0.0535,-0.0245,-0.0079,-0.0005,-0.0196,-0.0597,-0.0124,-0.0306,-0.0118,-0.0289,-0.0271,-0.0237,-0.0269,0.32
19920428,0.0032,-0.1034,-0.0384,-0.0511,-0.0421,-0.0323,-0.0657,-0.0381,-0.0311,-0.0272,-0.0017,-0.0591,-0.0179,-0.0129,0.0011,0.0244,-0.0226,0.0041,0.014,0.0349,0.0348,0.0106,0.0138,0.010666667,0.313333333
19920528,0.0028,-0.0192,-0.0001,-0.0034,-0.0161,0.0147,-0.0048,0.002,0.0125,0.0084,0.0363,-0.004,-0.0086,0.0156,0.0041,0.0334,-0.0021,0.0114,0.0094,0.0037,-0.0041,0.0037,0.0065,0.003366667,0.313333333
19920628,0.0032,-0.093,-0.0555,-0.0555,-0.053,-0.0459,-0.0587,-0.0603,-0.0274,-0.0355,-0.0131,-0.0495,-0.0432,-0.0269,-0.0165,-0.0079,-0.0215,-0.0409,-0.0227,-0.0001,-0.0149,-0.0224,-0.0192,-0.022266667,0.306666667
19920728,0.0031,0.006,0.0059,0.0162,0.0215,0.0243,0.0239,0.0377,0.0287,0.0419,0.0269,0.0456,0.0445,0.0342,0.0508,0.0318,0.049,0.0378,0.0341,0.0386,0.0179,0.0368,0.0399,0.036866667,0.303333333
19920828,0.0026,-0.0472,-0.0315,-0.0198,-0.0231,-0.0351,-0.0433,-0.0372,-0.0074,-0.0067,-0.0373,-0.0422,-0.0223,-0.0256,-0.0147,-0.0339,-0.0134,-0.028,-0.026,-0.0177,-0.0512,-0.0234,-0.0208,-0.023766667,0.296666667
19920928,0.0026,-0.0009,0.0151,0.0145,0.0162,0.0068,0.0183,0.013,0.0355,0.0189,0.019,0.0227,0.0272,0.0146,0.0044,0.0143,0.0047,0.0309,0.0156,0.0096,-0.0009,0.0098,0.0124,0.009633333,0.276666667
19921028,0.0023,0.0237,0.0156,0.0248,0.0198,0.0122,0.0463,0.0365,0.0241,0.0095,0.0238,0.057,0.032,0.0171,0.0219,0.0104,0.0456,0.0055,0.0079,0.0186,0.0485,0.0086,0.0109,0.0084,0.25
19921128,0.0023,0.1026,0.1026,0.0763,0.0815,0.0761,0.0913,0.0791,0.0607,0.0433,0.0617,0.0953,0.0653,0.0583,0.046,0.0417,0.0687,0.0472,0.0379,0.0252,0.0413,0.0379,0.0402,0.0378,0.24
19921228,0.0028,0.0112,0.0332,0.0461,0.0363,0.049,0.0133,0.023,0.0301,0.0598,0.0458,0.0284,0.0551,0.0218,0.0379,0.0406,0.0122,0.0152,0.0386,0.0384,0.0448,0.0148,0.0176,0.015133333,0.246666667
19930128,0.0023,0.0246,0.0557,0.0438,0.0509,0.0777,-0.009,0.0301,0.0424,0.0449,0.0777,-0.0223,0.0305,0.0412,0.0283,0.0399,0.0093,0.0136,0.0271,0.0242,0.043,0.0101,0.0124,0.009933333,0.246666667
19930228,0.0022,-0.078,-0.0534,-0.0238,-0.0081,0.0052,-0.0818,-0.0479,-0.0062,0.0238,0.016,-0.0821,0,0.0131,0.0065,0.0334,-0.0528,0.0164,0.0135,0.0297,0.0197,0.0033,0.0055,0.003066667,0.243333333
19930328,0.0025,0.0039,0.0148,0.0334,0.0218,0.0458,0.008,0.022,0.0364,0.0182,0.0387,0.0456,0.031,0.0272,0.0327,0.057,0.0234,0.0458,0.0378,0.0305,0.0186,0.0225,0.025,0.022666667,0.233333333
19930428,0.0024,-0.0415,-0.0478,-0.0312,-0.0255,-0.0157,-0.0339,-0.0339,-0.0195,-0.0257,-0.0429,-0.0464,-0.0319,-0.0312,-0.019,-0.0162,-0.0516,-0.0273,-0.0209,-0.02,-0.0223,-0.0279,-0.0255,-0.027866667,0.236666667
19930528,0.0022,0.054,0.0419,0.0355,0.0289,0.0435,0.0672,0.0434,0.0319,0.0127,0.0407,0.0757,0.0642,0.0271,0.0222,0.0191,0.0657,0.0386,0.0178,0.0086,0.0253,0.0272,0.0294,0.027033333,0.236666667
19930628,0.0025,-0.0193,0.0031,-0.0023,-0.0112,0.0181,-0.0066,0.005,0.0036,-0.0009,0.0193,-0.0111,0.0003,0.0131,0.0228,0.0079,0.0044,0.0042,0.0202,0.009,0.0353,0.0026,0.0051,0.002733333,0.236666667
19930728,0.0024,-0.0176,-0.0067,0.0073,0.016,0.0302,-0.0021,0.002,0.0105,0.0251,0.018,-0.0068,-0.0027,0.006,0.0196,-0.0051,-0.0288,0.0102,0.009,0.0202,0.0051,-0.0032,-0.0008,-0.003166667,0.236666667
19930828,0.0025,0.0361,0.0485,0.0348,0.0313,0.0279,0.0332,0.0558,0.0441,0.0522,0.0321,0.0385,0.0465,0.0333,0.0295,0.0261,0.0606,0.0325,0.0457,0.0323,0.0467,0.0368,0.0393,0.036833333,0.246666667
19930928,0.0026,0.0195,0.0206,0.026,0.0272,0.0322,0.034,0.0355,0.02,0.0209,0.0215,0.0382,0.0063,0.0075,0.0156,0.0005,0.0043,0.0199,-0.0015,-0.0113,-0.0177,-0.002,0.0006,-0.0019,0.25
19931028,0.0022,0.05,0.0467,0.0446,0.0387,0.0415,0.0372,0.0188,0.0062,0.0099,0.0051,0.0171,-0.0142,0.0017,-0.0004,0.0371,0.0303,0.0008,-0.0067,-0.0104,-0.013,0.0159,0.0181,0.015666667,0.243333333
19931128,0.0025,-0.0417,-0.031,-0.0236,-0.0219,-0.0209,-0.0297,-0.0345,-0.0292,-0.045,-0.0406,-0.0284,-0.0253,-0.0307,-0.0401,-0.0118,-0.0264,-0.0322,-0.024,-0.0255,-0.0482,-0.0198,-0.0173,-0.019733333,0.243333333
19931228,0.0023,0.0041,0.0056,0.0135,0.0103,0.0091,0.0206,0.0432,0.0443,0.0124,0.0372,0.0374,0.059,0.0494,0.0395,0.0236,0.04,0.0544,0.0347,0.0205,0.0347,0.0171,0.0194,0.017066667,0.233333333
19940128,0.0025,0.023,0.0616,0.0501,0.0487,0.0577,0.011,0.0182,0.0168,0.0257,0.0474,0.0177,0.0141,0.013,0.0183,0.066,0.0218,0.0287,0.0392,0.0223,0.0276,0.0288,0.0313,0.028866667,0.243333333
19940228,0.0021,-0.0335,0.0145,-0.0076,-0.0015,-0.0025,-0.0053,-0.0003,0.0018,-0.0192,-0.0181,-0.0109,0.015,0.0054,-0.0216,-0.0178,-0.0124,-0.0016,-0.0184,-0.0275,-0.0521,-0.0262,-0.0241,-0.0264,0.23
19940328,0.0027,-0.0775,-0.0543,-0.0439,-0.0495,-0.0333,-0.0747,-0.056,-0.054,-0.0397,-0.0597,-0.0609,-0.0505,-0.0474,-0.0451,-0.059,-0.0613,-0.0528,-0.0482,-0.0311,-0.0243,-0.0484,-0.0457,-0.048133333,0.243333333
19940428,0.0027,-0.0407,-0.0081,-0.0188,-0.0058,0.0057,-0.0122,0.0035,0.0124,0.0117,0.0191,-0.0174,0.0188,0.0058,0.0066,0.0137,-0.0063,0.0066,0.0117,0.0198,0.0063,0.0071,0.0098,0.0073,0.25
19940528,0.0032,-0.0271,-0.0246,-0.0074,-0.0077,-0.0082,-0.026,-0.0261,-0.0168,-0.0016,0.008,-0.0249,-0.0164,0.0009,-0.011,-0.0082,-0.0059,-0.0018,0,-0.0161,-0.0195,0.0063,0.0095,0.006633333,0.283333333
19940628,0.0031,-0.0692,-0.0461,-0.0492,-0.0237,-0.0228,-0.0578,-0.0313,-0.0078,-0.0166,-0.0162,-0.0477,-0.0286,-0.0006,-0.0137,-0.0201,-0.0537,-0.0311,-0.023,-0.0208,-0.0382,-0.0305,-0.0274,-0.0304,0.296666667
19940728,0.0028,-0.001,-0.0042,0.0013,0.005,0.0116,0.0226,0.0152,0.0195,0.0097,0.0337,0.0349,0.0191,0.0036,0.0284,0.0462,0.0197,0.0205,0.0389,0.044,0.0523,0.0276,0.0304,0.027366667,0.3
19940828,0.0037,0.0325,0.0447,0.0259,0.0287,0.0246,0.0893,0.0526,0.0324,0.0441,0.0424,0.0951,0.0405,0.0397,0.0434,0.0274,0.0811,0.0459,0.0208,0.0256,0.0409,0.0391,0.0428,0.0396,0.32
19940928,0.0037,0.0077,0.0108,0.0096,0.0168,0.0037,-0.0031,-0.0008,-0.0046,-0.0062,-0.0235,0.0046,-0.0201,-0.0195,-0.0147,-0.0261,-0.0095,-0.0281,-0.0297,-0.0386,-0.0266,-0.0224,-0.0187,-0.0221,0.34
19941028,0.0038,-0.0145,0.0117,-0.0004,0.0085,-0.0071,0.0112,-0.0001,-0.0104,-0.0203,-0.0409,0.0229,0.0007,-0.007,-0.017,-0.018,0.0106,-0.0012,-0.0084,-0.007,-0.0132,0.0111,0.0149,0.011166667,0.373333333
19941128,0.0037,-0.0463,-0.0355,-0.033,-0.0317,-0.0388,-0.0289,-0.0456,-0.0447,-0.0384,-0.0577,-0.0631,-0.0424,-0.0438,-0.0496,-0.0406,-0.04,-0.0402,-0.0534,-0.0458,-0.0431,-0.0408,-0.0371,-0.040833333,0.373333333
19941228,0.0044,-0.0343,-0.0078,-0.0022,-0.0009,-0.0086,0.0107,0.0179,0.0235,0.0224,0.0009,0.0162,0.0159,0.0254,0.0337,0.0307,0.0137,0.005,0.0054,-0.0004,0.0105,0.0084,0.0128,0.008833333,0.396666667
19950128,0.0042,0.0141,0.0143,0.0201,0.0183,0.0203,-0.019,-0.0134,-0.0087,-0.003,-0.0013,-0.0237,-0.0139,-0.0241,-0.0012,0.0119,-0.0009,0.0116,-0.0025,0.0336,0.0347,0.0164,0.0206,0.0165,0.41
19950228,0.004,0.0187,0.0261,0.017,0.0273,0.0285,0.0339,0.028,0.0282,0.0454,0.0459,0.0561,0.043,0.0505,0.0414,0.0404,0.0356,0.0516,0.0436,0.0358,0.0396,0.0356,0.0396,0.0354,0.42
19950328,0.0046,0.0052,0.0142,0.001,0.0081,0.0007,0.0323,0.0185,0.0165,0.0149,0.0141,0.0309,0.0208,0.0096,-0.0027,0.0053,0.0189,0.0358,0.0259,0.0169,-0.0106,0.0224,0.027,0.022733333,0.426666667
19950428,0.0044,0.0133,0.0276,0.0175,0.0259,0.0412,-0.0012,0.0187,0.0285,0.012,0.0298,-0.0015,0.0147,0.0253,0.0255,0.0162,0.0026,0.0142,0.0249,0.0125,0.0231,0.0205,0.0249,0.020566667,0.433333333
19950528,0.0054,0.0126,0.0155,0.0068,0.0116,0.0348,0.0057,0.0168,0.0096,0.027,0.0148,0.0159,-0.0091,0.0154,0.0232,0.0203,0.0161,0.0034,0.0232,0.0352,0.0305,0.0287,0.0341,0.0293,0.48
19950628,0.0047,0.0737,0.0713,0.0545,0.0426,0.0443,0.0932,0.034,0.0391,0.0398,0.0367,0.0585,0.0274,0.0405,0.0173,0.0182,0.0637,0.0219,0.04,0.0057,0.0234,0.0261,0.0308,0.025966667,0.483333333
19950728,0.0045,0.0683,0.0575,0.0472,0.0452,0.0447,0.0861,0.0539,0.0381,0.0452,0.0432,0.0744,0.041,0.0458,0.0376,0.0358,0.0763,0.061,0.0356,0.0361,0.0072,0.0362,0.0407,0.035833333,0.486666667
19950828,0.0047,0.0357,0.0432,0.0355,0.039,0.0318,0.0018,0.0101,0.015,0.0338,0.031,0.0022,0.0068,0.0145,0.0322,0.0299,-0.0031,0.0103,0.0231,0.0143,0.026,0.0046,0.0093,0.004666667,0.463333333
19950928,0.0043,0.0303,0.0194,0.0131,0.0155,0.0212,0.02,0.0157,0.0174,0.0122,-0.0044,0.0232,0.0028,0.0109,0.0096,0.003,0.0332,0.0144,0.0081,0.0133,0.0293,0.0321,0.0364,0.0319,0.45
19951028,0.0047,-0.0653,-0.0651,-0.05,-0.0318,-0.0305,-0.0772,-0.0721,-0.0555,-0.0484,-0.057,-0.0295,-0.0407,-0.039,-0.0392,-0.0258,-0.0194,-0.0602,-0.02,-0.0176,-0.0092,-0.0158,-0.0111,-0.015666667,0.456666667
19951128,0.0042,0.0152,0.0142,0.0103,0.0195,0.0074,0.0481,0.036,0.0431,0.0486,0.041,0.0567,0.0258,0.0336,0.0468,0.058,0.0418,0.0305,0.0443,0.0562,0.0275,0.0388,0.043,0.0386,0.44
19951228,0.0049,0.0166,0.0326,0.0052,0.0104,0.0094,0.0188,0.0252,0.0285,0.0304,0.0256,0.0111,0.0179,0.0273,0.0114,0.0157,-0.0261,-0.0021,0.0053,0.0109,0.003,0.0105,0.0154,0.0108,0.46
19960128,0.0043,0.0154,-0.002,0.0082,0.0014,0.0082,-0.0056,-0.0147,-0.0072,-0.0048,0.0121,-0.0294,0.0065,-0.0156,0.0235,-0.0046,0.0085,0.0215,0.0188,0.0052,0.0162,0.0238,0.0281,0.023633333,0.446666667
19960228,0.0039,0.0281,0.0218,0.0256,0.0237,0.0306,0.0524,0.0335,0.0163,0.0209,0.0034,0.0499,0.0204,0.0278,0.0157,0.0117,0.0499,0.0069,0.0173,0.0097,-0.0283,0.0122,0.0161,0.011733333,0.436666667
19960328,0.0039,0.0216,0.0398,0.0293,0.0241,0.0193,0.0187,0.0083,0.0194,0.0189,0.0247,0.0213,0.0213,0.0182,0.0409,0.0098,0.0101,-0.0008,0.0168,0.0146,0.0092,0.0073,0.0112,0.007166667,0.403333333
19960428,0.0046,0.08,0.0907,0.0852,0.0454,0.0533,0.1026,0.0529,0.0347,0.0617,0.0121,0.0584,0.0329,0.0124,0.0135,0.006,0.0582,0.0459,0.0233,0.0025,-0.0324,0.0205,0.0251,0.020966667,0.413333333
19960528,0.0042,0.0749,0.0598,0.0737,0.0564,0.0501,0.0589,0.0347,0.0409,0.0757,0.022,0.0287,0.0283,0.0183,-0.0019,0.0141,0.0257,0.0029,0.0044,0.009,-0.0039,0.0225,0.0267,0.022466667,0.423333333
19960628,0.004,-0.0801,-0.0628,-0.0513,-0.0314,-0.0259,-0.0699,-0.0413,-0.0275,-0.0381,-0.0124,-0.0834,-0.0259,-0.0052,-0.0048,-0.0097,-0.047,-0.0273,-0.0145,-0.0019,0.0252,-0.0117,-0.0077,-0.011966667,0.426666667
19960728,0.0045,-0.1523,-0.0999,-0.0738,-0.0434,-0.0628,-0.16,-0.0927,-0.075,-0.0532,-0.0676,-0.1232,-0.0698,-0.0589,-0.0716,-0.0497,-0.0894,-0.0584,-0.0496,-0.053,-0.0603,-0.0579,-0.0534,-0.057633333,0.423333333
19960828,0.0041,0.0408,0.0435,0.0359,0.0355,0.034,0.0745,0.0589,0.0343,0.0429,0.0481,0.0752,0.0533,0.0552,0.0563,0.0441,0.0507,0.0515,0.0496,0.0486,0.0296,0.0281,0.0322,0.028,0.42
19960928,0.0044,0.0257,0.0235,0.0207,0.0332,0.0179,0.0542,0.018,0.0207,0.0372,0.0353,0.0748,0.0361,0.0339,0.012,0.0136,0.0561,0.0415,0.0334,0.0301,0.0256,0.0486,0.053,0.048666667,0.433333333
19961028,0.0042,-0.0663,-0.0214,-0.0065,0.0077,-0.0014,-0.0511,-0.0271,0.0091,0.0129,0.005,-0.0693,-0.0303,0.0062,0.0117,-0.0018,-0.0418,0.0151,0.0209,0.0158,0.0282,0.0097,0.0139,0.009666667,0.423333333
19961128,0.0041,-0.0084,0.0105,0.0364,0.0391,0.0399,0.0124,0.0246,0.051,0.0243,0.0453,0.0185,0.0514,0.0693,0.0403,0.0453,0.0515,0.0515,0.0635,0.0545,0.0591,0.0616,0.0657,0.061466667,0.423333333
19961228,0.0046,-0.0098,0.0141,0.0224,0.0149,0.0126,0.0164,0.0038,0.0288,0.0313,0.015,-0.0091,0.0032,0.0189,0.0033,0.0061,-0.0198,-0.008,-0.0046,-0.0016,0.0158,-0.016,-0.0114,-0.0157,0.43
19970128,0.0045,0.0582,0.049,0.055,0.0444,0.0277,0.0346,0.0327,0.0071,0.0081,0.015,0.0033,0.0194,0.0087,0.0248,0.0337,0.0191,0.0408,0.0311,0.015,0.0233,0.0485,0.053,0.0486,0.44
19970228,0.0039,-0.0615,-0.0567,-0.016,0.0026,0.0062,-0.0943,-0.0247,-0.0026,0.0184,0.0046,-0.0682,-0.009,0.0037,0.0041,0.0062,-0.0395,0.0071,0.0071,0.0199,0.0193,-0.0048,-0.0009,-0.005233333,0.433333333
19970328,0.0043,-0.1012,-0.0685,-0.0398,-0.0167,-0.0255,-0.0961,-0.056,-0.0259,-0.0274,-0.0233,-0.0845,-0.0402,-0.0403,-0.0228,-0.0294,-0.0757,-0.0456,-0.0405,-0.0371,-0.0413,-0.0487,-0.0444,-0.048633333,0.423333333
19970428,0.0043,-0.0535,-0.0377,-0.027,-0.0219,-0.0321,-0.0412,-0.0112,0.0061,0.0067,-0.0045,-0.0175,0.0276,0.0323,0.0217,0.0134,0.0214,0.0147,0.027,0.0165,0.0082,0.0382,0.0425,0.038333333,0.416666667
19970528,0.0049,0.1138,0.1159,0.0951,0.0766,0.0752,0.171,0.1255,0.0905,0.0857,0.0772,0.1503,0.0966,0.0708,0.0591,0.0697,0.0929,0.0653,0.0554,0.0693,0.0634,0.0664,0.0713,0.0668,0.45
19970628,0.0037,0.032,0.0446,0.0603,0.0737,0.0667,0.0287,0.0455,0.0539,0.0597,0.0628,0.0396,0.0319,0.0478,0.0399,0.0525,0.0154,0.042,0.0443,0.0349,0.0172,0.0405,0.0442,0.0399,0.43
19970728,0.0043,0.0318,0.0511,0.0574,0.0581,0.0553,0.0451,0.0547,0.0377,0.0489,0.0389,0.0476,0.0627,0.0594,0.0571,0.0548,0.0608,0.0742,0.0671,0.06,0.0528,0.072,0.0763,0.072,0.43
19970828,0.0041,0.0466,0.043,0.0326,0.0355,0.0406,0.0325,0.0209,0.0297,0.0185,0.0295,0.0178,0.0317,0.0057,-0.0013,0.0038,-0.0057,0.0066,-0.0073,-0.018,-0.0018,-0.0406,-0.0365,-0.040533333,0.403333333
19970928,0.0044,0.1012,0.0889,0.088,0.0822,0.0841,0.0737,0.0708,0.0751,0.0733,0.0522,0.0664,0.071,0.0651,0.0682,0.0462,0.0502,0.0411,0.0636,0.0475,0.0404,0.0536,0.058,0.053733333,0.426666667
19971028,0.0042,-0.0624,-0.038,-0.0367,-0.0172,-0.0123,-0.0698,-0.0426,-0.0428,-0.0301,-0.0353,-0.0633,-0.0465,-0.0405,-0.0315,-0.0276,-0.0711,-0.0561,-0.03,-0.0474,-0.0479,-0.0383,-0.0341,-0.038333333,0.423333333
19971128,0.0039,-0.0429,-0.0276,-0.0209,-0.004,-0.0101,-0.0385,-0.0259,-0.0091,-0.0029,-0.0062,-0.0376,-0.0247,0.0172,0.0182,0.0125,0.0091,0.002,0.0264,0.0199,0.0392,0.0272,0.0311,0.026933333,0.416666667
19971228,0.0048,-0.0634,-0.0311,-0.0071,0.0021,0.0061,-0.0139,-0.0233,0.0226,0.0157,0.0347,-0.0006,0.0049,0.0244,0.0291,0.0417,-0.0183,0.0214,0.0232,0.0505,0.022,0.0132,0.018,0.0137,0.43
19980128,0.0043,0.0001,-0.012,-0.0168,-0.0143,-0.0117,-0.0021,-0.0222,-0.0171,-0.0305,-0.025,-0.0043,-0.0292,-0.0221,-0.0427,0.0066,-0.0155,-0.0104,-0.0277,-0.0071,-0.009,0.0001,0.0044,6.66667E-05,0.433333333
19980228,0.0039,0.0595,0.0561,0.0536,0.0607,0.0606,0.0859,0.0807,0.0857,0.0634,0.0597,0.0869,0.0831,0.0751,0.0798,0.0687,0.0915,0.0689,0.0768,0.0524,0.0459,0.0689,0.0728,0.068466667,0.433333333
19980328,0.0039,0.046,0.0548,0.0472,0.0424,0.0455,0.0408,0.0562,0.0254,0.0408,0.0412,0.037,0.0194,0.0538,0.0379,0.0617,0.0319,0.0534,0.0455,0.0338,0.0693,0.0475,0.0514,0.047366667,0.403333333
19980428,0.0043,0.0165,0.0289,0.0294,0.0207,0.0185,-0.0089,0.0138,0.004,0.0234,0.0158,0.0109,-0.0003,-0.0029,-0.0009,-0.0084,-0.0058,0.0005,-0.0019,0.0005,-0.0059,0.0066,0.0109,0.006866667,0.403333333
19980528,0.004,-0.0694,-0.0673,-0.0466,-0.0307,-0.0272,-0.0909,-0.0598,-0.0555,-0.0317,-0.0326,-0.0773,-0.0703,-0.0503,-0.0426,-0.0367,-0.0573,-0.0328,-0.0406,-0.0252,-0.0356,-0.0295,-0.0255,-0.029566667,0.406666667
19980628,0.0041,-0.0105,0.0145,-0.0209,-0.0233,-0.013,0.0148,-0.0191,-0.0172,-0.0132,0.0136,0.0266,-0.0237,-0.0149,-0.0036,0.0044,0.0048,-0.0079,-0.0017,0.002,0.0094,0.0286,0.0327,0.028566667,0.413333333
19980728,0.004,-0.0764,-0.08,-0.062,-0.0687,-0.058,-0.0789,-0.0839,-0.0848,-0.0868,-0.075,-0.0855,-0.0855,-0.0798,-0.0892,-0.0755,-0.062,-0.06,-0.0653,-0.0495,-0.0541,-0.0272,-0.0232,-0.027233333,0.403333333
19980828,0.0043,-0.2743,-0.2285,-0.1996,-0.1952,-0.1817,-0.2499,-0.2071,-0.1804,-0.1853,-0.15,-0.2384,-0.2032,-0.1919,-0.167,-0.1515,-0.2014,-0.2034,-0.1878,-0.1303,-0.0895,-0.1611,-0.1568,-0.160933333,0.413333333
19980928,0.0046,0.0533,0.0368,0.0329,0.0245,0.0084,0.1134,0.0749,0.0501,0.0472,0.0359,0.1141,0.049,0.066,0.0419,0.0313,0.0621,0.069,0.0546,0.0466,0.0698,0.0595,0.0641,0.0598,0.43
19981028,0.0032,0.0316,0.0262,0.0079,0.0199,0.0121,0.0456,0.0548,0.0276,0.0332,0.0088,0.0348,0.069,0.0523,0.0282,0.0234,0.0823,0.0962,0.0579,0.0344,0.0231,0.0711,0.0743,0.070266667,0.403333333
19981128,0.0031,0.0997,0.0799,0.0618,0.0748,0.0728,0.0925,0.0555,0.0371,0.0521,0.0282,0.081,0.0662,0.0332,0.0151,0.0268,0.0706,0.0171,0.0333,0.0366,0.0267,0.0586,0.0617,0.058066667,0.363333333
19981228,0.0038,0.0372,0.0232,0.0229,0.0094,0.0085,0.0728,0.0432,0.0272,0.0325,0.0524,0.1128,0.0707,0.0335,0.0398,0.0218,0.1034,0.0361,0.0201,0.0428,0.0144,0.0594,0.0632,0.059833333,0.336666667
19990128,0.0035,0.0819,0.0373,0.0458,0.0268,0.0464,0.0541,0.003,-0.0183,-0.0174,-0.0198,0.0384,0.0186,-0.0128,-0.0458,-0.0378,0.0091,-0.0216,-0.0301,-0.034,-0.0474,0.0347,0.0382,0.034733333,0.346666667
19990228,0.0035,-0.0809,-0.0831,-0.0609,-0.0595,-0.0602,-0.0995,-0.0947,-0.0735,-0.1046,-0.0718,-0.094,-0.089,-0.0645,-0.0707,-0.0517,-0.0574,-0.0389,-0.0335,-0.04,-0.0269,-0.0415,-0.038,-0.0416,0.36
19990328,0.0043,-0.0391,-0.0539,-0.0217,-0.0402,-0.0323,0.0063,-0.0125,-0.0019,-0.0175,-0.0239,0.0385,0.0351,0.0088,-0.0182,-0.0099,0.0303,0.0152,0.0352,-0.0069,-0.0011,0.0332,0.0375,0.033733333,0.376666667
19990428,0.0037,0.0736,0.0761,0.1259,0.1004,0.0855,0.0962,0.0753,0.0877,0.0874,0.0724,0.0722,0.1244,0.1024,0.0858,0.0799,0.0613,0.1023,0.0988,0.0866,0.1088,0.0447,0.0484,0.044566667,0.383333333
19990528,0.0034,0.0169,0.0295,0.006,0.023,0.05,0.0108,0.0267,0.0037,0.0341,0.0493,-0.0064,-0.011,0.01,0.0103,0.0398,0.0274,-0.0094,0.0175,0.0052,0.012,-0.0239,-0.0205,-0.0243,0.38
19990628,0.004,0.0639,0.0825,0.0724,0.0559,0.0608,0.0727,0.0819,0.0386,0.0546,0.0547,0.0387,0.0376,0.0318,0.0298,0.0324,0.0682,0.083,0.0251,0.0311,0.0119,0.0472,0.0512,0.0475,0.37
19990728,0.0038,0.0059,0.0175,0.0043,0.0154,0.0133,-0.0243,-0.0142,-0.0128,-0.0298,-0.0375,-0.0384,-0.023,-0.0265,-0.013,-0.0044,-0.0312,-0.028,-0.0142,-0.0145,-0.0118,-0.0345,-0.0307,-0.034433333,0.373333333
19990828,0.0039,-0.0277,-0.0255,-0.0244,-0.0224,-0.0386,-0.0435,-0.0492,-0.0334,-0.0421,-0.0357,-0.0244,-0.0613,-0.0457,-0.0362,-0.0039,-0.022,-0.0479,-0.04,-0.0192,-0.0454,-0.0135,-0.0096,-0.0135,0.39
19990928,0.0039,0.0123,-0.0082,-0.0123,-0.0346,-0.0466,-0.0086,0.0126,-0.0124,-0.0361,-0.0114,0.0316,0.0079,-0.0234,-0.0477,-0.0226,0.014,-0.0462,-0.0426,-0.0521,-0.0258,-0.0268,-0.0229,-0.026766667,0.386666667
19991028,0.0039,-0.009,0.0033,-0.0181,-0.0158,-0.0318,0.0248,-0.0043,-0.0047,-0.033,-0.0532,0.0274,-0.013,-0.0122,-0.0081,-0.0053,0.0771,0.0107,0.0191,0.0222,0.0426,0.058,0.0619,0.058,0.39
19991128,0.0036,0.1952,0.1008,0.106,0.058,0.0621,0.1113,0.0636,0.0648,0.0141,0.0237,0.115,0.0503,-0.0085,-0.0105,-0.0036,0.115,-0.005,-0.015,-0.0026,0.0127,0.032,0.0356,0.0318,0.38
19991228,0.0044,0.23,0.2423,0.1013,0.0794,0.0792,0.1679,0.1033,0.0617,0.0069,0.0632,0.1634,0.0644,0.0052,0.0221,0.0348,0.2016,0.0394,0.0256,0.0468,0.0425,0.0783,0.0827,0.078733333,0.396666667
20000128,0.0041,0.0938,0.052,0.0196,0.0501,0.037,0.01,-0.0399,-0.008,-0.0105,-0.0483,-0.0388,-0.0429,-0.0407,-0.0311,-0.0553,-0.0397,-0.0388,-0.047,-0.0363,-0.082,-0.0443,-0.0402,-0.044233333,0.403333333
20000228,0.0043,0.3881,0.3787,0.2585,0.1916,0.134,0.291,0.1622,0.0747,0.0916,0.1036,0.2429,0.0761,0.0169,-0.0173,-0.0168,0.2511,0.0026,-0.0122,0.0372,-0.066,0.0255,0.0298,0.025533333,0.426666667
20000328,0.0047,-0.1467,-0.1995,-0.0846,-0.0325,-0.0353,-0.1571,-0.0459,-0.0257,-0.0138,-0.0023,-0.1496,0.045,0.1011,0.0525,0.1175,-0.0317,0.1186,0.1544,0.0973,0.1203,0.0513,0.056,0.051633333,0.436666667
20000428,0.0046,-0.2387,-0.1669,-0.1303,-0.0797,-0.1074,-0.1394,-0.0848,-0.0374,-0.0088,-0.0461,-0.1009,0.0027,-0.0225,0.0283,-0.0031,-0.0781,-0.0365,0.0125,0.0084,0.0089,-0.0624,-0.0578,-0.062333333,0.453333333
20000528,0.005,-0.1444,-0.0794,-0.0747,-0.0792,-0.0769,-0.0967,-0.0653,-0.0586,-0.0505,-0.0172,-0.0511,-0.0386,-0.0217,-0.015,0.0193,-0.0818,-0.0073,-0.0416,0.0304,-0.0127,-0.0427,-0.0377,-0.042466667,0.476666667
20000628,0.004,0.2919,0.2545,0.1704,0.181,0.0758,0.1454,0.0904,0.0462,0.049,0.0563,0.1487,0.0024,0.0021,-0.0206,0.0151,0.1075,0.0328,-0.0491,-0.0202,-0.0608,0.0467,0.0507,0.046166667,0.453333333
20000728,0.0048,-0.0882,-0.0204,0.0039,0.0113,0.0102,-0.0805,-0.0116,0.007,0.0121,0.003,-0.1089,-0.0013,0.0296,0.0301,0.0788,-0.075,-0.009,0.019,0.0402,0.0176,-0.0223,-0.0175,-0.0221,0.46
20000828,0.005,0.0889,0.0718,0.0425,0.05,0.0404,0.0726,0.0337,0.0482,0.0488,0.0663,0.0814,0.094,0.0516,0.0822,0.0381,0.1281,0.0558,0.048,0.0662,0.0658,0.0709,0.0759,0.0713,0.46
20000928,0.0051,-0.1077,-0.0201,-0.0307,-0.0069,-0.0131,-0.0561,-0.0287,-0.0056,-0.0023,-0.0421,-0.106,-0.0362,0.0083,0.0128,-0.0082,-0.0951,-0.0086,-0.0246,0.0108,0.0016,-0.0564,-0.0513,-0.056266667,0.496666667
20001028,0.0056,-0.1223,-0.0998,-0.0424,-0.0599,-0.0488,-0.0913,-0.0244,-0.014,-0.0008,-0.0212,-0.1073,-0.027,-0.0073,-0.0042,0.028,-0.0636,0.0187,0.0263,-0.0072,-0.007,-0.0298,-0.0242,-0.029433333,0.523333333
20001128,0.0051,-0.212,-0.1236,-0.0573,-0.0516,-0.0508,-0.1879,-0.0656,-0.043,-0.0314,-0.0433,-0.2013,-0.0882,-0.0378,-0.0016,0.0221,-0.183,-0.0287,0,0.0103,0.0096,-0.1064,-0.1013,-0.106566667,0.526666667
20001228,0.005,-0.1015,0.0036,0.0145,0.0263,0.0234,-0.0024,0.0705,0.1264,0.1037,0.1085,0.0158,0.1291,0.1216,0.1452,0.0533,0.0346,0.09,0.1138,0.1026,0.1205,0.0144,0.0194,0.014166667,0.523333333
20010128,0.0054,0.2659,0.1693,0.1245,0.108,0.1228,0.1368,0.08,0.0352,0.0363,0.0618,0.1199,0.025,-0.0036,-0.0383,0.0466,0.0704,0.0062,-0.011,-0.0294,-0.0147,0.033,0.0384,0.033233333,0.516666667
20010228,0.0039,-0.1425,-0.0799,-0.0219,0.0009,-0.0045,-0.139,-0.0337,-0.0167,-0.0097,0.0136,-0.1749,-0.0489,0.0061,0.0043,0.0037,-0.151,-0.0215,-0.0132,0.008,0.0038,-0.1017,-0.0978,-0.102566667,0.473333333
20010328,0.0044,-0.1233,-0.017,-0.0129,-0.0142,-0.0198,-0.0665,-0.0086,-0.0202,-0.026,-0.014,-0.1216,-0.0547,-0.0405,-0.0294,0.0038,-0.1152,-0.0379,-0.0202,-0.0237,-0.0007,-0.0734,-0.069,-0.073566667,0.446666667
20010428,0.0039,0.0863,0.0652,0.0246,0.0404,0.0512,0.104,0.0484,0.0645,0.0381,0.049,0.1135,0.0891,0.0516,0.0366,0.0532,0.1547,0.0664,0.0453,0.0865,0.0651,0.0794,0.0833,0.079233333,0.396666667
20010528,0.0032,0.123,0.1145,0.0774,0.1178,0.0966,0.0231,0.0253,0.033,0.0431,0.0459,0.043,0.0075,0.0168,0.0048,0.0178,0.031,0.0387,0.0208,0.0189,0.0212,0.0076,0.0108,0.006966667,0.376666667
20010628,0.0028,0.0184,0.028,0.0385,0.0277,0.0025,0.0682,0.1098,0.0567,0.0585,0.0316,0.0487,-0.0187,0.0228,0.0011,-0.0238,0.0327,-0.0044,-0.0143,-0.0538,0.0061,-0.0201,-0.0173,-0.0206,0.33
20010728,0.003,-0.1042,-0.0738,-0.0061,-0.0056,-0.0045,-0.1021,-0.0764,-0.0634,-0.0316,-0.0479,-0.0972,-0.0491,-0.0267,-0.0035,-0.0081,-0.0483,-0.0253,0.0137,0.0009,0.012,-0.0208,-0.0178,-0.0208,0.3
20010828,0.0031,-0.0926,-0.0508,-0.0317,-0.0154,-0.0139,-0.0975,-0.0564,-0.0181,-0.0221,-0.0144,-0.0832,-0.0302,-0.0325,-0.0124,-0.012,-0.0746,-0.0462,-0.036,-0.023,-0.0739,-0.0622,-0.0591,-0.062066667,0.296666667
20010928,0.0028,-0.1736,-0.1478,-0.094,-0.0982,-0.1382,-0.1945,-0.1488,-0.13,-0.15,-0.1755,-0.1559,-0.1452,-0.1135,-0.1236,-0.1922,-0.1615,-0.1301,-0.1137,-0.139,-0.1354,-0.0935,-0.0907,-0.093666667,0.296666667
20011028,0.0022,0.0845,0.0795,0.0626,0.0419,0.034,0.1109,0.084,0.0465,0.0296,0.0439,0.1304,0.0688,0.0245,0.0383,0.093,0.084,0.0335,0.0125,0.0265,0.0247,0.025,0.0272,0.0245,0.27
20011128,0.0017,0.0723,0.0845,0.0451,0.0593,0.0677,0.105,0.0748,0.0688,0.0989,0.1117,0.0937,0.0687,0.0648,0.0822,0.1145,0.1022,0.0825,0.0728,0.09,0.0688,0.0765,0.0782,0.075966667,0.223333333
20011228,0.0015,0.1225,0.0612,0.0582,0.0554,0.0746,0.0786,0.0573,0.0669,0.0729,0.074,0.0549,0.0596,0.0606,0.0554,0.0653,0.0336,0.0477,0.0665,0.0448,0.0306,0.0161,0.0176,0.0158,0.18
20020128,0.0015,-0.0758,0.0046,0.0168,0.0349,0.0522,-0.0641,-0.0254,0.0079,0.0062,0.0091,-0.0535,-0.0165,-0.0083,0.0116,0.0369,-0.0314,-0.0197,0.0164,0.0199,-0.0154,-0.0177,-0.0162,-0.017766667,0.153333333
20020228,0.0015,-0.0993,-0.0641,-0.0309,-0.0154,-0.0376,-0.0987,-0.0448,-0.0072,0.0039,0.0001,-0.0757,-0.0113,0.0054,-0.0012,0.0256,-0.0486,0.0134,0.0149,-0.0173,0.0326,-0.0228,-0.0213,-0.0228,0.14
20020328,0.0015,0.0557,0.0973,0.0683,0.0784,0.0931,0.0876,0.0793,0.0768,0.0837,0.1257,0.0845,0.0609,0.0734,0.0794,0.0939,0.0627,0.0725,0.0518,0.0552,0.0668,0.0425,0.044,0.0425,0.133333333
20020428,0.0015,-0.0894,-0.0003,0.0166,0.0408,0.0501,-0.0483,0.0091,0.0384,0.0365,0.0528,-0.0487,0.0091,0.019,0.0087,-0.0118,-0.0326,0.003,0,-0.0221,0.0163,-0.0506,-0.0491,-0.0506,0.136666667
20020528,0.0015,-0.0644,-0.0628,-0.0135,0.0058,-0.0015,-0.0793,-0.0489,-0.0427,-0.0387,-0.0591,-0.0628,-0.0356,-0.0296,-0.0272,-0.0327,-0.0312,-0.0022,-0.0133,-0.0124,0.0078,-0.0122,-0.0107,-0.0122,0.14
20020628,0.0015,-0.0853,-0.0641,0.0035,-0.0039,-0.0075,-0.0847,-0.0459,-0.0246,-0.0085,-0.0417,-0.0798,-0.0684,-0.0641,-0.041,-0.0738,-0.0941,-0.0743,-0.0764,-0.0587,-0.0847,-0.0716,-0.0701,-0.0716,0.14
20020728,0.0015,-0.191,-0.1653,-0.1353,-0.108,-0.1289,-0.1579,-0.1686,-0.1413,-0.1543,-0.2068,-0.08,-0.097,-0.1134,-0.1396,-0.1614,-0.1017,-0.0869,-0.0992,-0.1314,-0.1472,-0.0826,-0.0811,-0.0826,0.14
20020828,0.0014,0.0039,-0.0196,-0.0123,-0.0097,-0.0275,0.0046,0.0027,-0.0022,0.0049,-0.0042,-0.0058,0.0062,0.0235,0.0174,0.0387,-0.0115,0.0018,-0.0017,0.0137,0.0388,0.0063,0.0077,0.006233333,0.14
20020928,0.0014,-0.1058,-0.0833,-0.0688,-0.0665,-0.0808,-0.0841,-0.0744,-0.0557,-0.0844,-0.0812,-0.0809,-0.0948,-0.0878,-0.073,-0.0991,-0.0875,-0.0919,-0.1137,-0.1311,-0.176,-0.1012,-0.0998,-0.101233333,0.143333333
20021028,0.0014,0.0509,0.0534,0.0263,0.0155,0.0069,0.0907,0.0284,0.0301,0.0108,-0.0335,0.0614,0.0353,0.0414,0.0259,0.0066,0.0679,0.0505,0.0519,0.0207,0.0293,0.0731,0.0745,0.0731,0.14
20021128,0.0012,0.1755,0.1303,0.0887,0.0787,0.0967,0.1409,0.0888,0.0673,0.0663,0.075,0.0981,0.0774,0.0574,0.0617,0.0891,0.0977,0.0719,0.0901,0.081,0.1174,0.0601,0.0613,0.059966667,0.133333333
20021228,0.0011,-0.1036,-0.0534,-0.0444,-0.0224,-0.0258,-0.1054,-0.0695,-0.0409,-0.0275,-0.0282,-0.0776,-0.0379,-0.0372,-0.0275,-0.0599,-0.0717,-0.0539,-0.0422,-0.0262,-0.0025,-0.0545,-0.0534,-0.054633333,0.123333333
20030128,0.001,-0.009,-0.007,-0.0158,0.0062,-0.0043,-0.03,-0.0418,-0.0258,-0.029,-0.0116,-0.019,-0.0398,-0.0335,-0.0435,-0.0358,-0.0157,-0.0299,-0.0056,-0.0229,-0.0642,-0.0241,-0.0231,-0.0242,0.11
20030228,0.0009,-0.0619,-0.0271,-0.0184,-0.0212,-0.0251,-0.03,-0.0119,-0.0225,-0.032,-0.0796,-0.0393,-0.0118,-0.0273,-0.0402,-0.0326,-0.0228,-0.0257,-0.0191,-0.0145,-0.0644,-0.0161,-0.0152,-0.0162,0.1
20030328,0.001,0.0324,0.0004,0.0128,0.0134,-0.0082,0.0305,0.0004,0.0013,0.0154,0.005,0.0298,0.0013,0.0022,0.0138,0.0016,0.0143,-0.0051,-0.0082,0.0207,-0.0252,0.0093,0.0103,0.009333333,0.096666667
20030428,0.001,0.12,0.1099,0.0785,0.0728,0.0969,0.1053,0.0975,0.091,0.0913,0.0962,0.087,0.0909,0.0855,0.1191,0.1086,0.0866,0.076,0.0799,0.0964,0.0754,0.0815,0.0825,0.081533333,0.096666667
20030528,0.0009,0.193,0.1474,0.1058,0.0937,0.1156,0.1184,0.1166,0.1038,0.0856,0.1139,0.0895,0.0861,0.0884,0.0967,0.0886,0.0982,0.0932,0.0994,0.0877,0.0925,0.0622,0.0631,0.062133333,0.096666667
20030628,0.001,0.0566,0.0585,0.0443,0.037,0.0584,0.0164,0.0009,0.013,0.0225,0.0366,0.0209,0.022,0.0035,0.0008,0.0327,0.0151,0.0044,-0.0014,-0.0088,0.0583,0.0154,0.0164,0.015433333,0.096666667
20030728,0.0007,0.0859,0.0792,0.0853,0.0901,0.0785,0.091,0.0513,0.0604,0.0687,0.0725,0.0841,0.0478,0.0127,0.0403,0.0225,0.0446,0.0287,0.0397,0.0492,-0.0006,0.0223,0.023,0.022133333,0.086666667
20030828,0.0007,0.0424,0.0491,0.032,0.0553,0.0678,0.04,0.0404,0.05,0.0477,0.0546,0.0482,0.0361,0.0436,0.076,0.0862,0.0465,0.0417,0.042,0.0522,0.0692,0.0247,0.0254,0.0246,0.08
20030928,0.0008,0.0317,0.0014,0.0038,0.0282,0.0459,-0.0182,-0.0295,-0.023,-0.0432,-0.0059,-0.0238,-0.0293,-0.016,-0.0214,-0.011,-0.0194,-0.0239,-0.007,-0.0094,0.0035,-0.0101,-0.0093,-0.010033333,0.073333333
20031028,0.0007,0.0572,0.0784,0.0866,0.1087,0.1117,0.0977,0.0705,0.0735,0.0972,0.1032,0.0882,0.0768,0.0689,0.0827,0.1238,0.0832,0.0832,0.0702,0.0814,0.0753,0.0595,0.0602,0.059466667,0.073333333
20031128,0.0007,0.0266,0.0395,0.0419,0.0373,0.0682,0.0175,0.0414,0.0271,0.0386,0.0409,0.0306,0.041,0.0224,0.0466,0.028,0.0158,0.0306,0.0485,0.0376,0.0246,0.0158,0.0165,0.015766667,0.073333333
20031228,0.0008,-0.0017,0.025,0.034,0.0151,0.0429,0.0141,0.0228,0.0238,0.0213,0.0487,-0.0084,0.0223,0.0352,0.0352,0.0705,0.002,0.0364,0.0249,0.0348,0.0625,0.0447,0.0455,0.044766667,0.073333333
20040128,0.0007,0.0618,0.057,0.0556,0.0641,0.0824,0.0423,0.0299,0.042,0.0432,0.0487,0.0319,0.021,0.0111,0.04,0.059,0.0212,0.0208,0.0282,0.0324,0.0248,0.0224,0.0231,0.022366667,0.073333333
20040228,0.0006,-0.0003,0.0012,0.0019,0.0098,-0.0048,0.0055,0.0169,0.006,-0.0007,0.0123,0.0055,0.0244,0.0392,0.0134,0.0062,0.0217,0.0134,0.0342,0.03,0.02,0.0149,0.0155,0.0148,0.07
20040328,0.0009,-0.0194,-0.0099,0.0019,0.0003,-0.0098,0.0251,0.0084,-0.0017,0.0101,0.0148,0.0203,0.004,0.0012,0.0063,0.0034,-0.0057,-0.0034,0.0056,0.0028,-0.0182,-0.0116,-0.0107,-0.011433333,0.073333333
20040428,0.0008,-0.0432,-0.0477,-0.0382,-0.0447,-0.0616,-0.0467,-0.0419,-0.0256,-0.048,-0.074,-0.0243,-0.0304,-0.0324,-0.0514,-0.057,-0.0245,-0.0433,-0.0316,-0.0368,-0.0314,-0.025,-0.0242,-0.024966667,0.076666667
20040528,0.0006,-0.0209,-0.0048,-0.0012,-0.0057,0.0086,0.0188,0.0123,0.01,0.0134,0.034,0.0142,0.0269,0.0185,0.0102,0.0208,0.0153,0.0192,0.0227,0.0196,0.027,0.0135,0.0141,0.013333333,0.076666667
20040628,0.0008,0.0107,0.0429,0.0356,0.0348,0.0394,0.0308,0.0538,0.0581,0.0503,0.0911,0.017,0.043,0.0294,0.0143,0.0513,0.0087,0.0303,0.0164,0.0279,0.0479,0.0208,0.0216,0.020866667,0.073333333
20040728,0.001,-0.1294,-0.0795,-0.0602,-0.0575,-0.0409,-0.0966,-0.0729,-0.043,-0.0582,-0.0342,-0.0891,-0.0626,-0.0372,-0.0184,-0.0428,-0.0698,-0.0477,-0.0522,-0.0583,-0.0063,-0.0387,-0.0377,-0.0385,0.08
20040828,0.0011,-0.0142,-0.008,-0.0107,-0.0167,-0.0203,-0.0448,-0.0186,0.0064,0.0003,0.0077,-0.0214,-0.0136,0.006,-0.0024,-0.0067,-0.0128,-0.0098,0.0004,-0.0057,0.0082,0.0016,0.0027,0.001733333,0.096666667
20040928,0.0011,0.0492,0.0441,0.0479,0.0412,0.0373,0.0776,0.0468,0.0547,0.0458,0.0418,0.0417,0.035,0.0385,0.036,0.0265,0.0281,0.032,0.0458,0.0397,0.0223,0.0195,0.0206,0.019533333,0.106666667
20041028,0.0011,0.0184,0.0201,0.0265,0.0022,0.0029,0.0323,0.0279,0.0078,0.0103,0.0296,0.0263,0.0413,0.0108,-0.0032,0.0174,0.0333,0.0309,0.0246,0,-0.0051,0.0167,0.0178,0.0167,0.11
20041128,0.0015,0.1022,0.0862,0.0779,0.0693,0.1032,0.0716,0.0851,0.0928,0.0969,0.1125,0.0519,0.0644,0.0742,0.0839,0.0867,0.0499,0.0603,0.0718,0.099,0.0737,0.0468,0.0483,0.047066667,0.123333333